snapshot,mu_t,min_mu_t_alpha_1p5,gSCR_t,relative_margin_rG,min_kappa,median_kappa,min_kappa_bus,binding_node_count,violating_node_count,total_GFL_exposure,total_GFM_strength,local_relative_slack_min,gershgorin_conservatism_gap
1.0,222.7475323220339,222.7475323220339,3.0060629717734555,1.0040419811823036,150.0,5282.5,28.0,0.0,0.0,357390.0,1.0836255e6,100.0,-148.49393702822655
2.0,222.7475323220339,222.7475323220339,3.0060629717734555,1.0040419811823036,150.0,5282.5,28.0,0.0,0.0,357390.0,1.0836255e6,100.0,-148.49393702822655
3.0,222.7475323220339,222.7475323220339,3.0060629717734555,1.0040419811823036,150.0,5282.5,28.0,0.0,0.0,357390.0,1.0836255e6,100.0,-148.49393702822655
4.0,222.7475323220339,222.7475323220339,3.0060629717734555,1.0040419811823036,150.0,5282.5,28.0,0.0,0.0,357390.0,1.0836255e6,100.0,-148.49393702822655
5.0,222.7475323220291,222.7475323220291,3.006062971773455,1.0040419811823034,150.0,5282.5,28.0,0.0,0.0,357390.0,1.0836305e6,100.0,-148.49393702822655
6.0,222.7475323220291,222.7475323220291,3.006062971773455,1.0040419811823034,150.0,5282.5,28.0,0.0,0.0,357390.0,1.0836305e6,100.0,-148.49393702822655
7.0,222.7475323220291,222.7475323220291,3.006062971773455,1.0040419811823034,150.0,5282.5,28.0,0.0,0.0,357390.0,1.0836305e6,100.0,-148.49393702822655
8.0,222.7475323220291,222.7475323220291,3.006062971773455,1.0040419811823034,150.0,5282.5,28.0,0.0,0.0,357390.0,1.0836305e6,100.0,-148.49393702822655
9.0,222.7475323220291,222.7475323220291,3.006062971773455,1.0040419811823034,150.0,5282.5,28.0,0.0,0.0,357390.0,1.0836305e6,100.0,-148.49393702822655
10.0,222.74753232202914,222.74753232202914,3.006062971761392,1.0040419811742611,150.0,5282.5,28.0,0.0,0.0,357390.0,1.0836455e6,100.0,-148.4939370282386
11.0,222.7475323220236,222.7475323220236,3.0060629717051444,1.004041981136763,150.0,5282.5,28.0,0.0,0.0,357390.0,1.0835655e6,100.0,-148.49393702829485
12.0,222.74753232203085,222.74753232203085,3.0038164893622965,1.002544326241531,150.0,5282.5,28.0,0.0,0.0,357390.0,1.0835505e6,100.0,-148.4961835106377
13.0,222.74753232203085,222.74753232203085,3.0038164893622965,1.002544326241531,150.0,5282.5,28.0,0.0,0.0,357390.0,1.0835505e6,100.0,-148.4961835106377
14.0,222.74753232203085,222.74753232203085,3.0038164893622965,1.002544326241531,150.0,5282.5,28.0,0.0,0.0,357390.0,1.0835505e6,100.0,-148.4961835106377
15.0,222.74753232203085,222.74753232203085,3.0038164893622965,1.002544326241531,150.0,5282.5,28.0,0.0,0.0,357390.0,1.0835505e6,100.0,-148.4961835106377
16.0,222.74753232203085,222.74753232203085,3.0038164893622965,1.002544326241531,150.0,5282.5,28.0,0.0,0.0,357390.0,1.0835505e6,100.0,-148.4961835106377
17.0,222.74753232203085,222.74753232203085,3.0038164893622965,1.002544326241531,150.0,5282.5,28.0,0.0,0.0,357390.0,1.0835505e6,100.0,-148.4961835106377
18.0,222.74753232203085,222.74753232203085,3.0038164893622965,1.002544326241531,150.0,5282.5,28.0,0.0,0.0,357390.0,1.0835505e6,100.0,-148.4961835106377
19.0,222.74753232203085,222.74753232203085,3.0038164893622965,1.002544326241531,150.0,5282.5,28.0,0.0,0.0,357390.0,1.0835505e6,100.0,-148.4961835106377
20.0,222.74753232203085,222.74753232203085,3.0038164893622965,1.002544326241531,150.0,5282.5,28.0,0.0,0.0,357390.0,1.0835505e6,100.0,-148.4961835106377
21.0,222.74753232203085,222.74753232203085,3.0038164893622965,1.002544326241531,150.0,5282.5,28.0,0.0,0.0,357390.0,1.0835505e6,100.0,-148.4961835106377
22.0,222.74753232203085,222.74753232203085,3.0038164893622965,1.002544326241531,150.0,5282.5,28.0,0.0,0.0,357390.0,1.0835505e6,100.0,-148.4961835106377
23.0,222.74753232203085,222.74753232203085,3.0038164893622965,1.002544326241531,150.0,5282.5,28.0,0.0,0.0,357390.0,1.0835505e6,100.0,-148.4961835106377
24.0,222.74753232203085,222.74753232203085,3.0038164893622965,1.002544326241531,150.0,5282.5,28.0,0.0,0.0,357390.0,1.0835505e6,100.0,-148.4961835106377
25.0,222.74753232203085,222.74753232203085,3.0038164893622965,1.002544326241531,150.0,5282.5,28.0,0.0,0.0,357390.0,1.0835505e6,100.0,-148.4961835106377
26.0,222.74753232203085,222.74753232203085,3.0038164893622965,1.002544326241531,150.0,5282.5,28.0,0.0,0.0,357390.0,1.0835505e6,100.0,-148.4961835106377
27.0,222.74753232203085,222.74753232203085,3.0038164893622965,1.002544326241531,150.0,5282.5,28.0,0.0,0.0,357390.0,1.0835505e6,100.0,-148.4961835106377
28.0,222.74753232203085,222.74753232203085,3.0038164893622965,1.002544326241531,150.0,5282.5,28.0,0.0,0.0,357390.0,1.0835505e6,100.0,-148.4961835106377
29.0,222.74753232203085,222.74753232203085,3.0038164893622965,1.002544326241531,150.0,5282.5,28.0,0.0,0.0,357390.0,1.0835505e6,100.0,-148.4961835106377
30.0,222.74753232203085,222.74753232203085,3.0038164893622965,1.002544326241531,150.0,5282.5,28.0,0.0,0.0,357390.0,1.0835505e6,100.0,-148.4961835106377
31.0,222.74753232203085,222.74753232203085,3.0038164893622965,1.002544326241531,150.0,5282.5,28.0,0.0,0.0,357390.0,1.0835505e6,100.0,-148.4961835106377
32.0,222.74753232203085,222.74753232203085,3.0038164893622965,1.002544326241531,150.0,5282.5,28.0,0.0,0.0,357390.0,1.0835505e6,100.0,-148.4961835106377
33.0,222.74753232203085,222.74753232203085,3.0038164893622965,1.002544326241531,150.0,5282.5,28.0,0.0,0.0,357390.0,1.0835505e6,100.0,-148.4961835106377
34.0,222.74753232203085,222.74753232203085,3.0038164893622965,1.002544326241531,150.0,5282.5,28.0,0.0,0.0,357390.0,1.0835505e6,100.0,-148.4961835106377
35.0,222.74753232203648,222.74753232203648,3.0038164889603918,1.0025443259735944,150.0,5282.5,28.0,0.0,0.0,357390.0,1.0835355e6,100.0,-148.49618351103962
36.0,222.74753232203648,222.74753232203648,3.0038164889603918,1.0025443259735944,150.0,5282.5,28.0,0.0,0.0,357390.0,1.0835355e6,100.0,-148.49618351103962
37.0,222.74753232203648,222.74753232203648,3.0038164889603918,1.0025443259735944,150.0,5282.5,28.0,0.0,0.0,357390.0,1.0835355e6,100.0,-148.49618351103962
38.0,222.74753232203648,222.74753232203648,3.0038164889603918,1.0025443259735944,150.0,5282.5,28.0,0.0,0.0,357390.0,1.0835355e6,100.0,-148.49618351103962
39.0,222.74753232203648,222.74753232203648,3.0038164889603918,1.0025443259735944,150.0,5282.5,28.0,0.0,0.0,357390.0,1.0835355e6,100.0,-148.49618351103962
40.0,222.74753232203648,222.74753232203648,3.0038164889603918,1.0025443259735944,150.0,5282.5,28.0,0.0,0.0,357390.0,1.0835355e6,100.0,-148.49618351103962
41.0,222.74753232203648,222.74753232203648,3.0038164889603918,1.0025443259735944,150.0,5282.5,28.0,0.0,0.0,357390.0,1.0835355e6,100.0,-148.49618351103962
42.0,222.74753232203648,222.74753232203648,3.0038164889603918,1.0025443259735944,150.0,5282.5,28.0,0.0,0.0,357390.0,1.0835355e6,100.0,-148.49618351103962
43.0,222.74753232203648,222.74753232203648,3.0038164889603918,1.0025443259735944,150.0,5282.5,28.0,0.0,0.0,357390.0,1.0835355e6,100.0,-148.49618351103962
44.0,222.74753232203648,222.74753232203648,3.0038164889603918,1.0025443259735944,150.0,5282.5,28.0,0.0,0.0,357390.0,1.0835355e6,100.0,-148.49618351103962
45.0,222.74753232203648,222.74753232203648,3.0038164889603918,1.0025443259735944,150.0,5282.5,28.0,0.0,0.0,357390.0,1.0835355e6,100.0,-148.49618351103962
46.0,222.74753232203648,222.74753232203648,3.0038164889603918,1.0025443259735944,150.0,5282.5,28.0,0.0,0.0,357390.0,1.0835355e6,100.0,-148.49618351103962
47.0,222.74753232203648,222.74753232203648,3.0038164889603918,1.0025443259735944,150.0,5282.5,28.0,0.0,0.0,357390.0,1.0835355e6,100.0,-148.49618351103962
48.0,222.74753232203648,222.74753232203648,3.0038164889603918,1.0025443259735944,150.0,5282.5,28.0,0.0,0.0,357390.0,1.0835355e6,100.0,-148.49618351103962
49.0,222.74753232203648,222.74753232203648,3.0038164889603918,1.0025443259735944,150.0,5282.5,28.0,0.0,0.0,357390.0,1.0835355e6,100.0,-148.49618351103962
50.0,222.74753232203648,222.74753232203648,3.0038164889603918,1.0025443259735944,150.0,5282.5,28.0,0.0,0.0,357390.0,1.0835355e6,100.0,-148.49618351103962
51.0,222.74753232203648,222.74753232203648,3.0038164889603918,1.0025443259735944,150.0,5282.5,28.0,0.0,0.0,357390.0,1.0835355e6,100.0,-148.49618351103962
52.0,222.74753232203648,222.74753232203648,3.0038164889603918,1.0025443259735944,150.0,5282.5,28.0,0.0,0.0,357390.0,1.0835355e6,100.0,-148.49618351103962
53.0,222.74753232203648,222.74753232203648,3.0038164889603918,1.0025443259735944,150.0,5282.5,28.0,0.0,0.0,357390.0,1.0835355e6,100.0,-148.49618351103962
54.0,222.74753232203648,222.74753232203648,3.0038164889603918,1.0025443259735944,150.0,5282.5,28.0,0.0,0.0,357390.0,1.0835355e6,100.0,-148.49618351103962
55.0,222.74753232203648,222.74753232203648,3.0038164889603918,1.0025443259735944,150.0,5282.5,28.0,0.0,0.0,357390.0,1.0835355e6,100.0,-148.49618351103962
56.0,222.74753232203648,222.74753232203648,3.0038164889603918,1.0025443259735944,150.0,5282.5,28.0,0.0,0.0,357390.0,1.0835355e6,100.0,-148.49618351103962
57.0,222.74753232203648,222.74753232203648,3.0038164889603918,1.0025443259735944,150.0,5282.5,28.0,0.0,0.0,357390.0,1.0835355e6,100.0,-148.49618351103962
58.0,222.74753232203648,222.74753232203648,3.0038164889603918,1.0025443259735944,150.0,5282.5,28.0,0.0,0.0,357390.0,1.0835355e6,100.0,-148.49618351103962
59.0,222.74753232203648,222.74753232203648,3.0038164889603918,1.0025443259735944,150.0,5282.5,28.0,0.0,0.0,357390.0,1.0835355e6,100.0,-148.49618351103962
60.0,222.74753232203648,222.74753232203648,3.0038164889603918,1.0025443259735944,150.0,5282.5,28.0,0.0,0.0,357390.0,1.0835355e6,100.0,-148.49618351103962
61.0,222.74753232203648,222.74753232203648,3.0038164889603918,1.0025443259735944,150.0,5282.5,28.0,0.0,0.0,357390.0,1.0835355e6,100.0,-148.49618351103962
62.0,222.74753232203648,222.74753232203648,3.0038164889603918,1.0025443259735944,150.0,5282.5,28.0,0.0,0.0,357390.0,1.0835355e6,100.0,-148.49618351103962
63.0,222.74753232203648,222.74753232203648,3.0038164889603918,1.0025443259735944,150.0,5282.5,28.0,0.0,0.0,357390.0,1.0835355e6,100.0,-148.49618351103962
64.0,222.7475308980328,222.7475308980328,3.003816483684402,1.002544322456268,150.0,5282.5,28.0,0.0,0.0,357390.0,1.0835205e6,100.0,-148.4961835163156
65.0,222.7475308980328,222.7475308980328,3.003816483684402,1.002544322456268,150.0,5282.5,28.0,0.0,0.0,357390.0,1.0835205e6,100.0,-148.4961835163156
66.0,222.7475308980328,222.7475308980328,3.003816469989368,1.0025443133262453,150.0,5282.5,28.0,0.0,0.0,357390.0,1.083518e6,100.0,-148.49618353001063
67.0,222.74753089730152,222.74753089730152,3.0038163999275147,1.002544266618343,150.0,5282.5,28.0,0.0,0.0,357390.0,1.083503e6,100.0,-148.4961836000725
68.0,222.74753089730152,222.74753089730152,3.0038163999275147,1.002544266618343,150.0,5282.5,28.0,0.0,0.0,357390.0,1.083503e6,100.0,-148.4961836000725
69.0,222.74753089730152,222.74753089730152,3.0038163999275147,1.002544266618343,150.0,5282.5,28.0,0.0,0.0,357390.0,1.083503e6,100.0,-148.4961836000725
70.0,222.74753089730152,222.74753089730152,3.0038163999275147,1.002544266618343,150.0,5282.5,28.0,0.0,0.0,357390.0,1.083503e6,100.0,-148.4961836000725
71.0,222.74753089730152,222.74753089730152,3.0038163999275147,1.002544266618343,150.0,5282.5,28.0,0.0,0.0,357390.0,1.083503e6,100.0,-148.4961836000725
72.0,222.74753089730152,222.74753089730152,3.0038163999275147,1.002544266618343,150.0,5282.5,28.0,0.0,0.0,357390.0,1.083503e6,100.0,-148.4961836000725
73.0,222.74753089730152,222.74753089730152,3.0038163999275147,1.002544266618343,150.0,5282.5,28.0,0.0,0.0,357390.0,1.083503e6,100.0,-148.4961836000725
74.0,222.74753089730152,222.74753089730152,3.0038163999275147,1.002544266618343,150.0,5282.5,28.0,0.0,0.0,357390.0,1.083503e6,100.0,-148.4961836000725
75.0,222.74753089730152,222.74753089730152,3.0038163999275147,1.002544266618343,150.0,5282.5,28.0,0.0,0.0,357390.0,1.083503e6,100.0,-148.4961836000725
76.0,222.74753089730152,222.74753089730152,3.0038163999275147,1.002544266618343,150.0,5282.5,28.0,0.0,0.0,357390.0,1.083503e6,100.0,-148.4961836000725
77.0,222.74753089730152,222.74753089730152,3.0038163999275147,1.002544266618343,150.0,5282.5,28.0,0.0,0.0,357390.0,1.083503e6,100.0,-148.4961836000725
78.0,222.74753089730152,222.74753089730152,3.0038163999275147,1.002544266618343,150.0,5282.5,28.0,0.0,0.0,357390.0,1.083503e6,100.0,-148.4961836000725
79.0,222.74753089730152,222.74753089730152,3.0038163999275147,1.002544266618343,150.0,5282.5,28.0,0.0,0.0,357390.0,1.083503e6,100.0,-148.4961836000725
80.0,222.74753089730152,222.74753089730152,3.0038163999275147,1.002544266618343,150.0,5282.5,28.0,0.0,0.0,357390.0,1.083503e6,100.0,-148.4961836000725
81.0,222.74753089730152,222.74753089730152,3.0038163999275147,1.002544266618343,150.0,5282.5,28.0,0.0,0.0,357390.0,1.083503e6,100.0,-148.4961836000725
82.0,222.74753089730152,222.74753089730152,3.0038163999275147,1.002544266618343,150.0,5282.5,28.0,0.0,0.0,357390.0,1.083503e6,100.0,-148.4961836000725
83.0,222.74753089730152,222.74753089730152,3.0038163999275147,1.002544266618343,150.0,5282.5,28.0,0.0,0.0,357390.0,1.083503e6,100.0,-148.4961836000725
84.0,222.74753089730152,222.74753089730152,3.0038163999275147,1.002544266618343,150.0,5282.5,28.0,0.0,0.0,357390.0,1.083503e6,100.0,-148.4961836000725
85.0,222.74753089730152,222.74753089730152,3.0038163999275147,1.002544266618343,150.0,5282.5,28.0,0.0,0.0,357390.0,1.083503e6,100.0,-148.4961836000725
86.0,222.74753089730152,222.74753089730152,3.0038163999275147,1.002544266618343,150.0,5282.5,28.0,0.0,0.0,357390.0,1.083503e6,100.0,-148.4961836000725
87.0,222.74753089730152,222.74753089730152,3.0038163999275147,1.002544266618343,150.0,5282.5,28.0,0.0,0.0,357390.0,1.083503e6,100.0,-148.4961836000725
88.0,222.74753089730152,222.74753089730152,3.0038163999275147,1.002544266618343,150.0,5282.5,28.0,0.0,0.0,357390.0,1.083503e6,100.0,-148.4961836000725
89.0,222.74753089730152,222.74753089730152,3.0038163999275147,1.002544266618343,150.0,5282.5,28.0,0.0,0.0,357390.0,1.083503e6,100.0,-148.4961836000725
90.0,222.74753089730487,222.74753089730487,3.0038164858250758,1.0025443238833838,150.0,5282.5,28.0,0.0,0.0,357390.0,1.0835055e6,100.0,-148.49618351417493
91.0,222.74753089729458,222.74753089729458,3.003816309386149,1.0025442062574328,150.0,5282.5,28.0,0.0,0.0,357390.0,1.083483e6,100.0,-148.49618369061386
92.0,222.7475308973156,222.7475308973156,3.003815713495817,1.0025438089972114,150.0,5282.5,28.0,0.0,0.0,357390.0,1.083468e6,100.0,-148.4961842865042
93.0,222.7475308973156,222.7475308973156,3.003815713495817,1.0025438089972114,150.0,5282.5,28.0,0.0,0.0,357390.0,1.083468e6,100.0,-148.4961842865042
94.0,222.7475308973156,222.7475308973156,3.003815713495817,1.0025438089972114,150.0,5282.5,28.0,0.0,0.0,357390.0,1.083468e6,100.0,-148.4961842865042
95.0,222.7475308973156,222.7475308973156,3.003815713495817,1.0025438089972114,150.0,5282.5,28.0,0.0,0.0,357390.0,1.083468e6,100.0,-148.4961842865042
96.0,222.7475308973156,222.7475308973156,3.003815713495817,1.0025438089972114,150.0,5282.5,28.0,0.0,0.0,357390.0,1.083468e6,100.0,-148.4961842865042
97.0,222.7475308973156,222.7475308973156,3.003815713495817,1.0025438089972114,150.0,5282.5,28.0,0.0,0.0,357390.0,1.083468e6,100.0,-148.4961842865042
98.0,222.7475308973156,222.7475308973156,3.003815713495817,1.0025438089972114,150.0,5282.5,28.0,0.0,0.0,357390.0,1.083468e6,100.0,-148.4961842865042
99.0,222.7475308973156,222.7475308973156,3.003815713495817,1.0025438089972114,150.0,5282.5,28.0,0.0,0.0,357390.0,1.083468e6,100.0,-148.4961842865042
100.0,222.7475308973156,222.7475308973156,3.003815713495817,1.0025438089972114,150.0,5282.5,28.0,0.0,0.0,357390.0,1.083468e6,100.0,-148.4961842865042
101.0,222.7475308973156,222.7475308973156,3.003815713495817,1.0025438089972114,150.0,5282.5,28.0,0.0,0.0,357390.0,1.083468e6,100.0,-148.4961842865042
102.0,222.7475308973156,222.7475308973156,3.003815713495817,1.0025438089972114,150.0,5282.5,28.0,0.0,0.0,357390.0,1.083468e6,100.0,-148.4961842865042
103.0,222.74753089731138,222.74753089731138,3.003815713495816,1.0025438089972107,150.0,5282.5,28.0,0.0,0.0,357390.0,1.0834705e6,100.0,-148.4961842865042
104.0,222.74753089731138,222.74753089731138,3.003815713495816,1.0025438089972107,150.0,5282.5,28.0,0.0,0.0,357390.0,1.0834705e6,100.0,-148.4961842865042
105.0,222.74753089731138,222.74753089731138,3.003815713495816,1.0025438089972107,150.0,5282.5,28.0,0.0,0.0,357390.0,1.0834705e6,100.0,-148.4961842865042
106.0,222.74753089731138,222.74753089731138,3.003815713495816,1.0025438089972107,150.0,5282.5,28.0,0.0,0.0,357390.0,1.0834705e6,100.0,-148.4961842865042
107.0,222.74753089731138,222.74753089731138,3.003815713495816,1.0025438089972107,150.0,5282.5,28.0,0.0,0.0,357390.0,1.0834705e6,100.0,-148.4961842865042
108.0,222.74753089731138,222.74753089731138,3.003815713495816,1.0025438089972107,150.0,5282.5,28.0,0.0,0.0,357390.0,1.0834705e6,100.0,-148.4961842865042
109.0,222.74753089730126,222.74753089730126,3.0034175283422693,1.0022783522281795,150.0,5282.5,28.0,0.0,0.0,357390.0,1.083468e6,100.0,-148.49658247165772
110.0,222.74753089730126,222.74753089730126,3.0034175283422693,1.0022783522281795,150.0,5282.5,28.0,0.0,0.0,357390.0,1.083468e6,100.0,-148.49658247165772
111.0,222.74753089730126,222.74753089730126,3.0034175283422693,1.0022783522281795,150.0,5282.5,28.0,0.0,0.0,357390.0,1.083468e6,100.0,-148.49658247165772
112.0,222.74753089730126,222.74753089730126,3.0034175283422693,1.0022783522281795,150.0,5282.5,28.0,0.0,0.0,357390.0,1.083468e6,100.0,-148.49658247165772
113.0,222.74753089730126,222.74753089730126,3.0034175283422693,1.0022783522281795,150.0,5282.5,28.0,0.0,0.0,357390.0,1.083468e6,100.0,-148.49658247165772
114.0,222.74753089730126,222.74753089730126,3.0034175283422693,1.0022783522281795,150.0,5282.5,28.0,0.0,0.0,357390.0,1.083468e6,100.0,-148.49658247165772
115.0,222.74753089730126,222.74753089730126,3.0034175283422693,1.0022783522281795,150.0,5282.5,28.0,0.0,0.0,357390.0,1.083468e6,100.0,-148.49658247165772
116.0,222.74629505582294,222.74629505582294,3.003417528337618,1.0022783522250787,150.0,5282.5,28.0,0.0,0.0,357390.0,1.083403e6,100.0,-148.49658247166238
117.0,222.74629505582294,222.74629505582294,3.003417528337618,1.0022783522250787,150.0,5282.5,28.0,0.0,0.0,357390.0,1.083403e6,100.0,-148.49658247166238
118.0,222.74629505582294,222.74629505582294,3.003417528337618,1.0022783522250787,150.0,5282.5,28.0,0.0,0.0,357390.0,1.083403e6,100.0,-148.49658247166238
119.0,222.74629505582294,222.74629505582294,3.003417528337618,1.0022783522250787,150.0,5282.5,28.0,0.0,0.0,357390.0,1.083403e6,100.0,-148.49658247166238
120.0,222.74629505582294,222.74629505582294,3.003417528337618,1.0022783522250787,150.0,5282.5,28.0,0.0,0.0,357390.0,1.083403e6,100.0,-148.49658247166238
121.0,222.74629505582294,222.74629505582294,3.003417528337618,1.0022783522250787,150.0,5282.5,28.0,0.0,0.0,357390.0,1.083403e6,100.0,-148.49658247166238
122.0,222.74629505582294,222.74629505582294,3.003417528337618,1.0022783522250787,150.0,5282.5,28.0,0.0,0.0,357390.0,1.083403e6,100.0,-148.49658247166238
123.0,222.74629505582294,222.74629505582294,3.003417528337618,1.0022783522250787,150.0,5282.5,28.0,0.0,0.0,357390.0,1.083403e6,100.0,-148.49658247166238
124.0,222.74629505582294,222.74629505582294,3.003417528337618,1.0022783522250787,150.0,5282.5,28.0,0.0,0.0,357390.0,1.083403e6,100.0,-148.49658247166238
125.0,222.74629505582294,222.74629505582294,3.003417528337618,1.0022783522250787,150.0,5282.5,28.0,0.0,0.0,357390.0,1.083403e6,100.0,-148.49658247166238
126.0,222.74629505582294,222.74629505582294,3.003417528337618,1.0022783522250787,150.0,5282.5,28.0,0.0,0.0,357390.0,1.083403e6,100.0,-148.49658247166238
127.0,222.74629505582294,222.74629505582294,3.003417528337618,1.0022783522250787,150.0,5282.5,28.0,0.0,0.0,357390.0,1.083403e6,100.0,-148.49658247166238
128.0,222.74629505582294,222.74629505582294,3.003417528337618,1.0022783522250787,150.0,5282.5,28.0,0.0,0.0,357390.0,1.083403e6,100.0,-148.49658247166238
129.0,222.74629505582294,222.74629505582294,3.003417528337618,1.0022783522250787,150.0,5282.5,28.0,0.0,0.0,357390.0,1.083403e6,100.0,-148.49658247166238
130.0,222.74629505582294,222.74629505582294,3.003417528337618,1.0022783522250787,150.0,5282.5,28.0,0.0,0.0,357390.0,1.083403e6,100.0,-148.49658247166238
131.0,222.74629505582294,222.74629505582294,3.003417528337618,1.0022783522250787,150.0,5282.5,28.0,0.0,0.0,357390.0,1.083403e6,100.0,-148.49658247166238
132.0,222.74629505582294,222.74629505582294,3.003417528337618,1.0022783522250787,150.0,5282.5,28.0,0.0,0.0,357390.0,1.083403e6,100.0,-148.49658247166238
133.0,222.74629505582294,222.74629505582294,3.003417528337618,1.0022783522250787,150.0,5282.5,28.0,0.0,0.0,357390.0,1.083403e6,100.0,-148.49658247166238
134.0,222.74629505582294,222.74629505582294,3.003417528337618,1.0022783522250787,150.0,5282.5,28.0,0.0,0.0,357390.0,1.083403e6,100.0,-148.49658247166238
135.0,222.74629505582294,222.74629505582294,3.003417528337618,1.0022783522250787,150.0,5282.5,28.0,0.0,0.0,357390.0,1.083403e6,100.0,-148.49658247166238
136.0,222.74629505582294,222.74629505582294,3.003417528337618,1.0022783522250787,150.0,5282.5,28.0,0.0,0.0,357390.0,1.083403e6,100.0,-148.49658247166238
137.0,222.74629505582294,222.74629505582294,3.003417528337618,1.0022783522250787,150.0,5282.5,28.0,0.0,0.0,357390.0,1.083403e6,100.0,-148.49658247166238
138.0,222.74629505582294,222.74629505582294,3.003417528337618,1.0022783522250787,150.0,5282.5,28.0,0.0,0.0,357390.0,1.083403e6,100.0,-148.49658247166238
139.0,222.74629505582294,222.74629505582294,3.003417528337618,1.0022783522250787,150.0,5282.5,28.0,0.0,0.0,357390.0,1.083403e6,100.0,-148.49658247166238
140.0,222.74629505582294,222.74629505582294,3.003417528337618,1.0022783522250787,150.0,5282.5,28.0,0.0,0.0,357390.0,1.083403e6,100.0,-148.49658247166238
141.0,222.74629505582294,222.74629505582294,3.003417528337618,1.0022783522250787,150.0,5282.5,28.0,0.0,0.0,357390.0,1.083403e6,100.0,-148.49658247166238
142.0,222.74629505582294,222.74629505582294,3.003417528337618,1.0022783522250787,150.0,5282.5,28.0,0.0,0.0,357390.0,1.083403e6,100.0,-148.49658247166238
143.0,222.74629505582294,222.74629505582294,3.003417528337618,1.0022783522250787,150.0,5282.5,28.0,0.0,0.0,357390.0,1.083403e6,100.0,-148.49658247166238
144.0,222.74629505582294,222.74629505582294,3.003417528337618,1.0022783522250787,150.0,5282.5,28.0,0.0,0.0,357390.0,1.083403e6,100.0,-148.49658247166238
145.0,222.74629505582294,222.74629505582294,3.003417528337618,1.0022783522250787,150.0,5282.5,28.0,0.0,0.0,357390.0,1.083403e6,100.0,-148.49658247166238
146.0,222.74629505582294,222.74629505582294,3.003417528337618,1.0022783522250787,150.0,5282.5,28.0,0.0,0.0,357390.0,1.083403e6,100.0,-148.49658247166238
147.0,222.74629505582294,222.74629505582294,3.003417528337618,1.0022783522250787,150.0,5282.5,28.0,0.0,0.0,357390.0,1.083403e6,100.0,-148.49658247166238
148.0,222.74629505582294,222.74629505582294,3.003417528337618,1.0022783522250787,150.0,5282.5,28.0,0.0,0.0,357390.0,1.083403e6,100.0,-148.49658247166238
149.0,222.74629505582294,222.74629505582294,3.003417528337618,1.0022783522250787,150.0,5282.5,28.0,0.0,0.0,357390.0,1.083403e6,100.0,-148.49658247166238
150.0,222.74629505582294,222.74629505582294,3.003417528337618,1.0022783522250787,150.0,5282.5,28.0,0.0,0.0,357390.0,1.083403e6,100.0,-148.49658247166238
151.0,222.74629505582294,222.74629505582294,3.003417528337618,1.0022783522250787,150.0,5282.5,28.0,0.0,0.0,357390.0,1.083403e6,100.0,-148.49658247166238
152.0,222.74629505582294,222.74629505582294,3.003417528337618,1.0022783522250787,150.0,5282.5,28.0,0.0,0.0,357390.0,1.083403e6,100.0,-148.49658247166238
153.0,222.74629505582294,222.74629505582294,3.003417528337618,1.0022783522250787,150.0,5282.5,28.0,0.0,0.0,357390.0,1.083403e6,100.0,-148.49658247166238
154.0,222.74629505582294,222.74629505582294,3.003417528337618,1.0022783522250787,150.0,5282.5,28.0,0.0,0.0,357390.0,1.083403e6,100.0,-148.49658247166238
155.0,222.74629505582294,222.74629505582294,3.003417528337618,1.0022783522250787,150.0,5282.5,28.0,0.0,0.0,357390.0,1.083403e6,100.0,-148.49658247166238
156.0,222.74629505582294,222.74629505582294,3.003417528337618,1.0022783522250787,150.0,5282.5,28.0,0.0,0.0,357390.0,1.083403e6,100.0,-148.49658247166238
157.0,222.74629505582294,222.74629505582294,3.003417528337618,1.0022783522250787,150.0,5282.5,28.0,0.0,0.0,357390.0,1.083403e6,100.0,-148.49658247166238
158.0,222.74629505582294,222.74629505582294,3.003417528337618,1.0022783522250787,150.0,5282.5,28.0,0.0,0.0,357390.0,1.083403e6,100.0,-148.49658247166238
159.0,222.74629505582294,222.74629505582294,3.003417528337618,1.0022783522250787,150.0,5282.5,28.0,0.0,0.0,357390.0,1.083403e6,100.0,-148.49658247166238
160.0,222.74629505582294,222.74629505582294,3.003417528337618,1.0022783522250787,150.0,5282.5,28.0,0.0,0.0,357390.0,1.083403e6,100.0,-148.49658247166238
161.0,222.74629505582294,222.74629505582294,3.003417528337618,1.0022783522250787,150.0,5282.5,28.0,0.0,0.0,357390.0,1.083403e6,100.0,-148.49658247166238
162.0,222.74629505582294,222.74629505582294,3.003417528337618,1.0022783522250787,150.0,5282.5,28.0,0.0,0.0,357390.0,1.083403e6,100.0,-148.49658247166238
163.0,222.74629505582294,222.74629505582294,3.003417528337618,1.0022783522250787,150.0,5282.5,28.0,0.0,0.0,357390.0,1.083403e6,100.0,-148.49658247166238
164.0,222.74629505582294,222.74629505582294,3.003417528337618,1.0022783522250787,150.0,5282.5,28.0,0.0,0.0,357390.0,1.083403e6,100.0,-148.49658247166238
165.0,222.74629505582294,222.74629505582294,3.003417528337618,1.0022783522250787,150.0,5282.5,28.0,0.0,0.0,357390.0,1.083403e6,100.0,-148.49658247166238
166.0,222.74629505582294,222.74629505582294,3.003417528337618,1.0022783522250787,150.0,5282.5,28.0,0.0,0.0,357390.0,1.083403e6,100.0,-148.49658247166238
167.0,222.74629505582294,222.74629505582294,3.003417528337618,1.0022783522250787,150.0,5282.5,28.0,0.0,0.0,357390.0,1.083403e6,100.0,-148.49658247166238
168.0,222.74629505582294,222.74629505582294,3.003417528337618,1.0022783522250787,150.0,5282.5,28.0,0.0,0.0,357390.0,1.083403e6,100.0,-148.49658247166238
169.0,222.74629505582294,222.74629505582294,3.003417528337618,1.0022783522250787,150.0,5282.5,28.0,0.0,0.0,357390.0,1.083403e6,100.0,-148.49658247166238
170.0,222.74629505582294,222.74629505582294,3.003417528337618,1.0022783522250787,150.0,5282.5,28.0,0.0,0.0,357390.0,1.083403e6,100.0,-148.49658247166238
171.0,222.74629505582294,222.74629505582294,3.003417528337618,1.0022783522250787,150.0,5282.5,28.0,0.0,0.0,357390.0,1.083403e6,100.0,-148.49658247166238
172.0,222.74629505582294,222.74629505582294,3.003417528337618,1.0022783522250787,150.0,5282.5,28.0,0.0,0.0,357390.0,1.083403e6,100.0,-148.49658247166238
173.0,222.74629505582294,222.74629505582294,3.003417528337618,1.0022783522250787,150.0,5282.5,28.0,0.0,0.0,357390.0,1.083403e6,100.0,-148.49658247166238
174.0,222.74629505582294,222.74629505582294,3.003417528337618,1.0022783522250787,150.0,5282.5,28.0,0.0,0.0,357390.0,1.083403e6,100.0,-148.49658247166238
175.0,222.74629505582294,222.74629505582294,3.003417528337618,1.0022783522250787,150.0,5282.5,28.0,0.0,0.0,357390.0,1.083403e6,100.0,-148.49658247166238
176.0,222.74629505582294,222.74629505582294,3.003417528337618,1.0022783522250787,150.0,5282.5,28.0,0.0,0.0,357390.0,1.083403e6,100.0,-148.49658247166238
177.0,222.74629505582294,222.74629505582294,3.003417528337618,1.0022783522250787,150.0,5282.5,28.0,0.0,0.0,357390.0,1.083403e6,100.0,-148.49658247166238
178.0,222.74629505582294,222.74629505582294,3.003417528337618,1.0022783522250787,150.0,5282.5,28.0,0.0,0.0,357390.0,1.083403e6,100.0,-148.49658247166238
179.0,222.74629505582294,222.74629505582294,3.003417528337618,1.0022783522250787,150.0,5282.5,28.0,0.0,0.0,357390.0,1.083403e6,100.0,-148.49658247166238
180.0,222.74629505582294,222.74629505582294,3.003417528337618,1.0022783522250787,150.0,5282.5,28.0,0.0,0.0,357390.0,1.083403e6,100.0,-148.49658247166238
181.0,222.74629505582294,222.74629505582294,3.003417528337618,1.0022783522250787,150.0,5282.5,28.0,0.0,0.0,357390.0,1.083403e6,100.0,-148.49658247166238
182.0,222.74629505582294,222.74629505582294,3.003417528337618,1.0022783522250787,150.0,5282.5,28.0,0.0,0.0,357390.0,1.083403e6,100.0,-148.49658247166238
183.0,222.74629505582604,222.74629505582604,3.003413445859811,1.0022756305732072,150.0,5282.5,28.0,0.0,0.0,357390.0,1.083388e6,100.0,-148.49658655414018
184.0,222.74629505582604,222.74629505582604,3.003413445859811,1.0022756305732072,150.0,5282.5,28.0,0.0,0.0,357390.0,1.083388e6,100.0,-148.49658655414018
185.0,222.74629505582604,222.74629505582604,3.003413445859811,1.0022756305732072,150.0,5282.5,28.0,0.0,0.0,357390.0,1.083388e6,100.0,-148.49658655414018
186.0,222.74629505582604,222.74629505582604,3.003413445859811,1.0022756305732072,150.0,5282.5,28.0,0.0,0.0,357390.0,1.083388e6,100.0,-148.49658655414018
187.0,222.74629505582604,222.74629505582604,3.003413445859811,1.0022756305732072,150.0,5282.5,28.0,0.0,0.0,357390.0,1.083388e6,100.0,-148.49658655414018
188.0,222.74629505582604,222.74629505582604,3.003413445859811,1.0022756305732072,150.0,5282.5,28.0,0.0,0.0,357390.0,1.083388e6,100.0,-148.49658655414018
189.0,222.74629505582604,222.74629505582604,3.003413445859811,1.0022756305732072,150.0,5282.5,28.0,0.0,0.0,357390.0,1.083388e6,100.0,-148.49658655414018
190.0,222.74629505582604,222.74629505582604,3.003413445859811,1.0022756305732072,150.0,5282.5,28.0,0.0,0.0,357390.0,1.083388e6,100.0,-148.49658655414018
191.0,222.74629505582604,222.74629505582604,3.003413445859811,1.0022756305732072,150.0,5282.5,28.0,0.0,0.0,357390.0,1.083388e6,100.0,-148.49658655414018
192.0,222.74629505582604,222.74629505582604,3.003413445859811,1.0022756305732072,150.0,5282.5,28.0,0.0,0.0,357390.0,1.083388e6,100.0,-148.49658655414018
193.0,222.74629505582604,222.74629505582604,3.003413445859811,1.0022756305732072,150.0,5282.5,28.0,0.0,0.0,357390.0,1.083388e6,100.0,-148.49658655414018
194.0,222.74629505582604,222.74629505582604,3.003413445859811,1.0022756305732072,150.0,5282.5,28.0,0.0,0.0,357390.0,1.083388e6,100.0,-148.49658655414018
195.0,222.74629505582604,222.74629505582604,3.003413445859811,1.0022756305732072,150.0,5282.5,28.0,0.0,0.0,357390.0,1.083388e6,100.0,-148.49658655414018
196.0,222.74629505582604,222.74629505582604,3.003413445859811,1.0022756305732072,150.0,5282.5,28.0,0.0,0.0,357390.0,1.083388e6,100.0,-148.49658655414018
197.0,222.74629505582604,222.74629505582604,3.003413445859811,1.0022756305732072,150.0,5282.5,28.0,0.0,0.0,357390.0,1.083388e6,100.0,-148.49658655414018
198.0,222.74629505582604,222.74629505582604,3.003413445859811,1.0022756305732072,150.0,5282.5,28.0,0.0,0.0,357390.0,1.083388e6,100.0,-148.49658655414018
199.0,222.74629505582604,222.74629505582604,3.003413445859811,1.0022756305732072,150.0,5282.5,28.0,0.0,0.0,357390.0,1.083388e6,100.0,-148.49658655414018
200.0,222.74629505582604,222.74629505582604,3.003413445859811,1.0022756305732072,150.0,5282.5,28.0,0.0,0.0,357390.0,1.083388e6,100.0,-148.49658655414018
201.0,222.74629505582604,222.74629505582604,3.003413445859811,1.0022756305732072,150.0,5282.5,28.0,0.0,0.0,357390.0,1.083388e6,100.0,-148.49658655414018
202.0,222.74629505582604,222.74629505582604,3.003413445859811,1.0022756305732072,150.0,5282.5,28.0,0.0,0.0,357390.0,1.083388e6,100.0,-148.49658655414018
203.0,222.74629505582604,222.74629505582604,3.003413445859811,1.0022756305732072,150.0,5282.5,28.0,0.0,0.0,357390.0,1.083388e6,100.0,-148.49658655414018
204.0,222.74629505582604,222.74629505582604,3.003413445859811,1.0022756305732072,150.0,5282.5,28.0,0.0,0.0,357390.0,1.083388e6,100.0,-148.49658655414018
205.0,222.74629505582604,222.74629505582604,3.003413445859811,1.0022756305732072,150.0,5282.5,28.0,0.0,0.0,357390.0,1.083388e6,100.0,-148.49658655414018
206.0,222.74628622126463,222.74628622126463,3.003413445822607,1.0022756305484046,150.0,5282.5,28.0,0.0,0.0,357390.0,1.083323e6,100.0,-148.49658655417738
207.0,222.74628622126463,222.74628622126463,3.003413445822607,1.0022756305484046,150.0,5282.5,28.0,0.0,0.0,357390.0,1.083323e6,100.0,-148.49658655417738
208.0,222.74628622126463,222.74628622126463,3.003413445822607,1.0022756305484046,150.0,5282.5,28.0,0.0,0.0,357390.0,1.083323e6,100.0,-148.49658655417738
209.0,222.74628622126463,222.74628622126463,3.003413445822607,1.0022756305484046,150.0,5282.5,28.0,0.0,0.0,357390.0,1.083323e6,100.0,-148.49658655417738
210.0,222.74628622126463,222.74628622126463,3.003413445822607,1.0022756305484046,150.0,5282.5,28.0,0.0,0.0,357390.0,1.083323e6,100.0,-148.49658655417738
211.0,222.74628622126463,222.74628622126463,3.003413445822607,1.0022756305484046,150.0,5282.5,28.0,0.0,0.0,357390.0,1.083323e6,100.0,-148.49658655417738
212.0,222.74628622126463,222.74628622126463,3.003413445822607,1.0022756305484046,150.0,5282.5,28.0,0.0,0.0,357390.0,1.083323e6,100.0,-148.49658655417738
213.0,222.74628622126463,222.74628622126463,3.003413445822607,1.0022756305484046,150.0,5282.5,28.0,0.0,0.0,357390.0,1.083323e6,100.0,-148.49658655417738
214.0,222.74628622126463,222.74628622126463,3.003413445822607,1.0022756305484046,150.0,5282.5,28.0,0.0,0.0,357390.0,1.083323e6,100.0,-148.49658655417738
215.0,222.74628622126463,222.74628622126463,3.003413445822607,1.0022756305484046,150.0,5282.5,28.0,0.0,0.0,357390.0,1.083323e6,100.0,-148.49658655417738
216.0,222.74628622126463,222.74628622126463,3.003413445822607,1.0022756305484046,150.0,5282.5,28.0,0.0,0.0,357390.0,1.083323e6,100.0,-148.49658655417738
217.0,222.74628622126463,222.74628622126463,3.003413445822607,1.0022756305484046,150.0,5282.5,28.0,0.0,0.0,357390.0,1.083323e6,100.0,-148.49658655417738
218.0,222.74628622126463,222.74628622126463,3.003413445822607,1.0022756305484046,150.0,5282.5,28.0,0.0,0.0,357390.0,1.083323e6,100.0,-148.49658655417738
219.0,222.74628622126463,222.74628622126463,3.003413445822607,1.0022756305484046,150.0,5282.5,28.0,0.0,0.0,357390.0,1.083323e6,100.0,-148.49658655417738
220.0,222.74628622126463,222.74628622126463,3.003413445822607,1.0022756305484046,150.0,5282.5,28.0,0.0,0.0,357390.0,1.083323e6,100.0,-148.49658655417738
221.0,222.74628622126463,222.74628622126463,3.003413445822607,1.0022756305484046,150.0,5282.5,28.0,0.0,0.0,357390.0,1.083323e6,100.0,-148.49658655417738
222.0,222.74628622126463,222.74628622126463,3.003413445822607,1.0022756305484046,150.0,5282.5,28.0,0.0,0.0,357390.0,1.083323e6,100.0,-148.49658655417738
223.0,222.74628622126463,222.74628622126463,3.003413445822607,1.0022756305484046,150.0,5282.5,28.0,0.0,0.0,357390.0,1.083323e6,100.0,-148.49658655417738
224.0,222.74628622126463,222.74628622126463,3.003413445822607,1.0022756305484046,150.0,5282.5,28.0,0.0,0.0,357390.0,1.083323e6,100.0,-148.49658655417738
225.0,222.74628622126463,222.74628622126463,3.003413445822607,1.0022756305484046,150.0,5282.5,28.0,0.0,0.0,357390.0,1.083323e6,100.0,-148.49658655417738
226.0,222.74628622126463,222.74628622126463,3.003413445822607,1.0022756305484046,150.0,5282.5,28.0,0.0,0.0,357390.0,1.083323e6,100.0,-148.49658655417738
227.0,222.74628622126463,222.74628622126463,3.003413445822607,1.0022756305484046,150.0,5282.5,28.0,0.0,0.0,357390.0,1.083323e6,100.0,-148.49658655417738
228.0,222.74628622126463,222.74628622126463,3.003413445822607,1.0022756305484046,150.0,5282.5,28.0,0.0,0.0,357390.0,1.083323e6,100.0,-148.49658655417738
229.0,222.74628622126463,222.74628622126463,3.003413445822607,1.0022756305484046,150.0,5282.5,28.0,0.0,0.0,357390.0,1.083323e6,100.0,-148.49658655417738
230.0,222.74628622126463,222.74628622126463,3.003413445822607,1.0022756305484046,150.0,5282.5,28.0,0.0,0.0,357390.0,1.083323e6,100.0,-148.49658655417738
231.0,222.74628622126463,222.74628622126463,3.003413445822607,1.0022756305484046,150.0,5282.5,28.0,0.0,0.0,357390.0,1.083323e6,100.0,-148.49658655417738
232.0,222.74628622126463,222.74628622126463,3.003413445822607,1.0022756305484046,150.0,5282.5,28.0,0.0,0.0,357390.0,1.083323e6,100.0,-148.49658655417738
233.0,222.74628622126463,222.74628622126463,3.003413445822607,1.0022756305484046,150.0,5282.5,28.0,0.0,0.0,357390.0,1.083323e6,100.0,-148.49658655417738
234.0,222.74628622126463,222.74628622126463,3.003413445822607,1.0022756305484046,150.0,5282.5,28.0,0.0,0.0,357390.0,1.083323e6,100.0,-148.49658655417738
235.0,222.74628622126463,222.74628622126463,3.003413445822607,1.0022756305484046,150.0,5282.5,28.0,0.0,0.0,357390.0,1.083323e6,100.0,-148.49658655417738
236.0,222.74628622126463,222.74628622126463,3.003413445822607,1.0022756305484046,150.0,5282.5,28.0,0.0,0.0,357390.0,1.083323e6,100.0,-148.49658655417738
237.0,222.74628622126463,222.74628622126463,3.003413445822607,1.0022756305484046,150.0,5282.5,28.0,0.0,0.0,357390.0,1.083323e6,100.0,-148.49658655417738
238.0,222.74628622126463,222.74628622126463,3.003413445822607,1.0022756305484046,150.0,5282.5,28.0,0.0,0.0,357390.0,1.083323e6,100.0,-148.49658655417738
239.0,222.74628622126463,222.74628622126463,3.003413445822607,1.0022756305484046,150.0,5282.5,28.0,0.0,0.0,357390.0,1.083323e6,100.0,-148.49658655417738
240.0,222.74628622126463,222.74628622126463,3.003413445822607,1.0022756305484046,150.0,5282.5,28.0,0.0,0.0,357390.0,1.083323e6,100.0,-148.49658655417738
241.0,222.74628622126463,222.74628622126463,3.003413445822607,1.0022756305484046,150.0,5282.5,28.0,0.0,0.0,357390.0,1.083323e6,100.0,-148.49658655417738
242.0,222.74628622126463,222.74628622126463,3.003413445822607,1.0022756305484046,150.0,5282.5,28.0,0.0,0.0,357390.0,1.083323e6,100.0,-148.49658655417738
243.0,222.74628622126463,222.74628622126463,3.003413445822607,1.0022756305484046,150.0,5282.5,28.0,0.0,0.0,357390.0,1.083323e6,100.0,-148.49658655417738
244.0,222.74628622126463,222.74628622126463,3.003413445822607,1.0022756305484046,150.0,5282.5,28.0,0.0,0.0,357390.0,1.083323e6,100.0,-148.49658655417738
245.0,222.74628622126463,222.74628622126463,3.003413445822607,1.0022756305484046,150.0,5282.5,28.0,0.0,0.0,357390.0,1.083323e6,100.0,-148.49658655417738
246.0,222.74628622126463,222.74628622126463,3.003413445822607,1.0022756305484046,150.0,5282.5,28.0,0.0,0.0,357390.0,1.083323e6,100.0,-148.49658655417738
247.0,222.74628622126463,222.74628622126463,3.003413445822607,1.0022756305484046,150.0,5282.5,28.0,0.0,0.0,357390.0,1.083323e6,100.0,-148.49658655417738
248.0,222.74628622126463,222.74628622126463,3.003413445822607,1.0022756305484046,150.0,5282.5,28.0,0.0,0.0,357390.0,1.083323e6,100.0,-148.49658655417738
249.0,222.74628622125508,222.74628622125508,3.003413445822606,1.002275630548404,150.0,5282.5,28.0,0.0,0.0,357390.0,1.083308e6,100.0,-148.49658655417738
250.0,222.74628622125508,222.74628622125508,3.003413445822606,1.002275630548404,150.0,5282.5,28.0,0.0,0.0,357390.0,1.083308e6,100.0,-148.49658655417738
251.0,222.74628622125508,222.74628622125508,3.003413445822606,1.002275630548404,150.0,5282.5,28.0,0.0,0.0,357390.0,1.083308e6,100.0,-148.49658655417738
252.0,222.74628622125508,222.74628622125508,3.003413445822606,1.002275630548404,150.0,5282.5,28.0,0.0,0.0,357390.0,1.083308e6,100.0,-148.49658655417738
253.0,222.74628622125508,222.74628622125508,3.003413445822606,1.002275630548404,150.0,5282.5,28.0,0.0,0.0,357390.0,1.083308e6,100.0,-148.49658655417738
254.0,222.74628622125508,222.74628622125508,3.003413445822606,1.002275630548404,150.0,5282.5,28.0,0.0,0.0,357390.0,1.083308e6,100.0,-148.49658655417738
255.0,222.74628622125508,222.74628622125508,3.003413445822606,1.002275630548404,150.0,5282.5,28.0,0.0,0.0,357390.0,1.083308e6,100.0,-148.49658655417738
256.0,222.74628622125508,222.74628622125508,3.003413445822606,1.002275630548404,150.0,5282.5,28.0,0.0,0.0,357390.0,1.083308e6,100.0,-148.49658655417738
257.0,222.74628622125508,222.74628622125508,3.003413445822606,1.002275630548404,150.0,5282.5,28.0,0.0,0.0,357390.0,1.083308e6,100.0,-148.49658655417738
258.0,222.74628622125508,222.74628622125508,3.003413445822606,1.002275630548404,150.0,5282.5,28.0,0.0,0.0,357390.0,1.083308e6,100.0,-148.49658655417738
259.0,222.74628622125508,222.74628622125508,3.003413445822606,1.002275630548404,150.0,5282.5,28.0,0.0,0.0,357390.0,1.083308e6,100.0,-148.49658655417738
260.0,222.74628622125508,222.74628622125508,3.003413445822606,1.002275630548404,150.0,5282.5,28.0,0.0,0.0,357390.0,1.083308e6,100.0,-148.49658655417738
261.0,222.74628622125508,222.74628622125508,3.003413445822606,1.002275630548404,150.0,5282.5,28.0,0.0,0.0,357390.0,1.083308e6,100.0,-148.49658655417738
262.0,222.74628622125508,222.74628622125508,3.003413445822606,1.002275630548404,150.0,5282.5,28.0,0.0,0.0,357390.0,1.083308e6,100.0,-148.49658655417738
263.0,222.74628622125508,222.74628622125508,3.003413445822606,1.002275630548404,150.0,5282.5,28.0,0.0,0.0,357390.0,1.083308e6,100.0,-148.49658655417738
264.0,222.74628622125508,222.74628622125508,3.003413445822606,1.002275630548404,150.0,5282.5,28.0,0.0,0.0,357390.0,1.083308e6,100.0,-148.49658655417738
265.0,222.7459941516391,222.7459941516391,3.0034134448761844,1.0022756299174562,150.0,5282.5,28.0,0.0,0.0,357390.0,1.083293e6,100.0,-148.49658655512383
266.0,222.7459941516391,222.7459941516391,3.0034134448761844,1.0022756299174562,150.0,5282.5,28.0,0.0,0.0,357390.0,1.083293e6,100.0,-148.49658655512383
267.0,222.74599415162612,222.74599415162612,3.00341341138668,1.0022756075911199,150.0,5282.5,28.0,0.0,0.0,357390.0,1.0832905e6,100.0,-148.49658658861333
268.0,222.74599415162612,222.74599415162612,3.00341341138668,1.0022756075911199,150.0,5282.5,28.0,0.0,0.0,357390.0,1.0832905e6,100.0,-148.49658658861333
269.0,222.74599415162612,222.74599415162612,3.00341341138668,1.0022756075911199,150.0,5282.5,28.0,0.0,0.0,357390.0,1.0832905e6,100.0,-148.49658658861333
270.0,222.74599415162612,222.74599415162612,3.00341341138668,1.0022756075911199,150.0,5282.5,28.0,0.0,0.0,357390.0,1.0832905e6,100.0,-148.49658658861333
271.0,222.74599415162612,222.74599415162612,3.00341341138668,1.0022756075911199,150.0,5282.5,28.0,0.0,0.0,357390.0,1.0832905e6,100.0,-148.49658658861333
272.0,222.7459813305332,222.7459813305332,3.0034134080004313,1.0022756053336208,150.0,5282.5,28.0,0.0,0.0,357390.0,1.0832755e6,100.0,-148.49658659199957
273.0,222.7459813305332,222.7459813305332,3.0034134080004313,1.0022756053336208,150.0,5282.5,28.0,0.0,0.0,357390.0,1.0832755e6,100.0,-148.49658659199957
274.0,222.7459813305332,222.7459813305332,3.0034134080004313,1.0022756053336208,150.0,5282.5,28.0,0.0,0.0,357390.0,1.0832755e6,100.0,-148.49658659199957
275.0,222.7459813305332,222.7459813305332,3.0034134080004313,1.0022756053336208,150.0,5282.5,28.0,0.0,0.0,357390.0,1.0832755e6,100.0,-148.49658659199957
276.0,222.7459813305332,222.7459813305332,3.0034134080004313,1.0022756053336208,150.0,5282.5,28.0,0.0,0.0,357390.0,1.0832755e6,100.0,-148.49658659199957
277.0,222.7459813305332,222.7459813305332,3.0034134080004313,1.0022756053336208,150.0,5282.5,28.0,0.0,0.0,357390.0,1.0832755e6,100.0,-148.49658659199957
278.0,222.7459813305332,222.7459813305332,3.0034134080004313,1.0022756053336208,150.0,5282.5,28.0,0.0,0.0,357390.0,1.0832755e6,100.0,-148.49658659199957
279.0,222.74598133053473,222.74598133053473,3.0034134079409296,1.002275605293953,150.0,5282.5,28.0,0.0,0.0,357390.0,1.083273e6,100.0,-148.49658659205906
280.0,222.74598133053473,222.74598133053473,3.0034134079409296,1.002275605293953,150.0,5282.5,28.0,0.0,0.0,357390.0,1.083273e6,100.0,-148.49658659205906
281.0,222.74598133053473,222.74598133053473,3.0034134079409296,1.002275605293953,150.0,5282.5,28.0,0.0,0.0,357390.0,1.083273e6,100.0,-148.49658659205906
282.0,222.74598133052953,222.74598133052953,3.003413407940928,1.0022756052939519,150.0,5267.5,28.0,0.0,0.0,357390.0,1.083258e6,100.0,-148.49658659205906
283.0,222.7459161450035,222.7459161450035,3.0034133873774946,1.0022755915849964,150.0,5267.5,28.0,0.0,0.0,357390.0,1.083193e6,100.0,-148.4965866126225
284.0,222.74591614499488,222.74591614499488,3.003413387377495,1.0022755915849968,150.0,5265.0,28.0,0.0,0.0,357390.0,1.0831105e6,100.0,-148.4965866126225
285.0,222.7459097768593,222.7459097768593,3.0034133539720136,1.0022755693146757,150.0,5265.0,28.0,0.0,0.0,357390.0,1.0829805e6,100.0,-148.496586646028
286.0,222.7459097768674,222.7459097768674,3.000000000000002,1.0000000000000016,150.0,5265.0,28.0,0.0,0.0,357390.0,1.082963e6,100.0,-148.5
287.0,222.7459097768825,222.7459097768825,3.0,1.0,150.0,5265.0,28.0,0.0,0.0,357390.0,1.0829455e6,100.0,-148.5
288.0,222.7459097768825,222.7459097768825,3.0,1.0,150.0,5265.0,28.0,0.0,0.0,357390.0,1.0829455e6,100.0,-148.5
289.0,222.74590977191514,222.74590977191514,3.0,1.0,150.0,5265.0,28.0,0.0,0.0,357390.0,1.0829305e6,100.0,-148.5
290.0,222.74590977191514,222.74590977191514,3.0,1.0,150.0,5265.0,28.0,0.0,0.0,357390.0,1.0829305e6,100.0,-148.5
291.0,222.74590977191514,222.74590977191514,3.0,1.0,150.0,5265.0,28.0,0.0,0.0,357390.0,1.0829305e6,100.0,-148.5
292.0,222.74590977191514,222.74590977191514,3.0,1.0,150.0,5265.0,28.0,0.0,0.0,357390.0,1.0829305e6,100.0,-148.5
293.0,222.74590977192432,222.74590977192432,2.999999999999998,0.9999999999999986,150.0,5265.0,28.0,0.0,0.0,357390.0,1.0829155e6,100.0,-148.5
294.0,222.74590977192432,222.74590977192432,2.999999999999998,0.9999999999999986,150.0,5265.0,28.0,0.0,0.0,357390.0,1.0829155e6,100.0,-148.5
295.0,222.74590977192432,222.74590977192432,2.999999999999998,0.9999999999999986,150.0,5265.0,28.0,0.0,0.0,357390.0,1.0829155e6,100.0,-148.5
296.0,222.74590977192432,222.74590977192432,2.999999999999998,0.9999999999999986,150.0,5265.0,28.0,0.0,0.0,357390.0,1.0829155e6,100.0,-148.5
297.0,222.74590977192432,222.74590977192432,2.999999999999998,0.9999999999999986,150.0,5265.0,28.0,0.0,0.0,357390.0,1.0829155e6,100.0,-148.5
298.0,222.74590977192432,222.74590977192432,2.999999999999998,0.9999999999999986,150.0,5265.0,28.0,0.0,0.0,357390.0,1.0829155e6,100.0,-148.5
299.0,222.74590977192432,222.74590977192432,2.999999999999998,0.9999999999999986,150.0,5265.0,28.0,0.0,0.0,357390.0,1.0829155e6,100.0,-148.5
300.0,222.74590977192432,222.74590977192432,2.999999999999998,0.9999999999999986,150.0,5265.0,28.0,0.0,0.0,357390.0,1.0829155e6,100.0,-148.5
301.0,222.74590977192432,222.74590977192432,2.999999999999998,0.9999999999999986,150.0,5265.0,28.0,0.0,0.0,357390.0,1.0829155e6,100.0,-148.5
302.0,222.74590977192432,222.74590977192432,2.999999999999998,0.9999999999999986,150.0,5265.0,28.0,0.0,0.0,357390.0,1.0829155e6,100.0,-148.5
303.0,222.74590977192432,222.74590977192432,2.999999999999998,0.9999999999999986,150.0,5265.0,28.0,0.0,0.0,357390.0,1.0829155e6,100.0,-148.5
304.0,222.74590977192432,222.74590977192432,2.999999999999998,0.9999999999999986,150.0,5265.0,28.0,0.0,0.0,357390.0,1.0829155e6,100.0,-148.5
305.0,222.74590977192432,222.74590977192432,2.999999999999998,0.9999999999999986,150.0,5265.0,28.0,0.0,0.0,357390.0,1.0829155e6,100.0,-148.5
306.0,222.74590977192432,222.74590977192432,2.999999999999998,0.9999999999999986,150.0,5265.0,28.0,0.0,0.0,357390.0,1.0829155e6,100.0,-148.5
307.0,222.74590977192432,222.74590977192432,2.999999999999998,0.9999999999999986,150.0,5265.0,28.0,0.0,0.0,357390.0,1.0829155e6,100.0,-148.5
308.0,222.74590977192554,222.74590977192554,3.0000000000000004,1.0000000000000002,150.0,5265.0,28.0,0.0,0.0,357390.0,1.082883e6,100.0,-148.5
309.0,222.74590977192554,222.74590977192554,3.0000000000000004,1.0000000000000002,150.0,5265.0,28.0,0.0,0.0,357390.0,1.082883e6,100.0,-148.5
310.0,222.74590977192554,222.74590977192554,3.0000000000000004,1.0000000000000002,150.0,5265.0,28.0,0.0,0.0,357390.0,1.082883e6,100.0,-148.5
311.0,222.74590977192554,222.74590977192554,3.0000000000000004,1.0000000000000002,150.0,5265.0,28.0,0.0,0.0,357390.0,1.082883e6,100.0,-148.5
312.0,222.74590977192554,222.74590977192554,3.0000000000000004,1.0000000000000002,150.0,5265.0,28.0,0.0,0.0,357390.0,1.082883e6,100.0,-148.5
313.0,222.74590977192912,222.74590977192912,2.999999999999999,0.9999999999999994,150.0,5265.0,28.0,0.0,0.0,354040.0,1.082883e6,100.0,-148.5
314.0,222.74590977192912,222.74590977192912,2.999999999999999,0.9999999999999994,150.0,5265.0,28.0,0.0,0.0,354040.0,1.082883e6,100.0,-148.5
315.0,222.74590977192912,222.74590977192912,2.999999999999999,0.9999999999999994,150.0,5265.0,28.0,0.0,0.0,354040.0,1.082883e6,100.0,-148.5
316.0,222.74590977192912,222.74590977192912,2.999999999999999,0.9999999999999994,150.0,5265.0,28.0,0.0,0.0,354040.0,1.082883e6,100.0,-148.5
317.0,222.74590977192912,222.74590977192912,2.999999999999999,0.9999999999999994,150.0,5265.0,28.0,0.0,0.0,354040.0,1.082883e6,100.0,-148.5
318.0,222.74590977192912,222.74590977192912,2.999999999999999,0.9999999999999994,150.0,5265.0,28.0,0.0,0.0,354040.0,1.082883e6,100.0,-148.5
319.0,222.74590977192554,222.74590977192554,3.0000000000000004,1.0000000000000002,150.0,5265.0,28.0,0.0,0.0,357390.0,1.082883e6,100.0,-148.5
320.0,222.74590977192554,222.74590977192554,3.0000000000000004,1.0000000000000002,150.0,5265.0,28.0,0.0,0.0,357390.0,1.082883e6,100.0,-148.5
321.0,222.74590977192554,222.74590977192554,3.0000000000000004,1.0000000000000002,150.0,5265.0,28.0,0.0,0.0,357390.0,1.082883e6,100.0,-148.5
322.0,222.74590977192554,222.74590977192554,3.0000000000000004,1.0000000000000002,150.0,5265.0,28.0,0.0,0.0,357390.0,1.082883e6,100.0,-148.5
323.0,222.74590977192554,222.74590977192554,3.0000000000000004,1.0000000000000002,150.0,5265.0,28.0,0.0,0.0,357390.0,1.082883e6,100.0,-148.5
324.0,222.74590977192554,222.74590977192554,3.0000000000000004,1.0000000000000002,150.0,5265.0,28.0,0.0,0.0,357390.0,1.082883e6,100.0,-148.5
325.0,222.74590977192554,222.74590977192554,3.0000000000000004,1.0000000000000002,150.0,5265.0,28.0,0.0,0.0,357390.0,1.082883e6,100.0,-148.5
326.0,222.74590977192554,222.74590977192554,3.0000000000000004,1.0000000000000002,150.0,5265.0,28.0,0.0,0.0,357390.0,1.082883e6,100.0,-148.5
327.0,222.74590977192554,222.74590977192554,3.0000000000000004,1.0000000000000002,150.0,5265.0,28.0,0.0,0.0,357390.0,1.082883e6,100.0,-148.5
328.0,222.74590977192554,222.74590977192554,3.0000000000000004,1.0000000000000002,150.0,5265.0,28.0,0.0,0.0,357390.0,1.082883e6,100.0,-148.5
329.0,222.74590977192554,222.74590977192554,3.0000000000000004,1.0000000000000002,150.0,5265.0,28.0,0.0,0.0,357390.0,1.082883e6,100.0,-148.5
330.0,222.74590977192554,222.74590977192554,3.0000000000000004,1.0000000000000002,150.0,5265.0,28.0,0.0,0.0,357390.0,1.082883e6,100.0,-148.5
331.0,222.74590977192554,222.74590977192554,3.0000000000000004,1.0000000000000002,150.0,5265.0,28.0,0.0,0.0,357390.0,1.082883e6,100.0,-148.5
332.0,222.74590977192554,222.74590977192554,3.0000000000000004,1.0000000000000002,150.0,5265.0,28.0,0.0,0.0,357390.0,1.082883e6,100.0,-148.5
333.0,222.74590977192554,222.74590977192554,3.0000000000000004,1.0000000000000002,150.0,5265.0,28.0,0.0,0.0,357390.0,1.082883e6,100.0,-148.5
334.0,222.74590977191895,222.74590977191895,3.0000000000000004,1.0000000000000002,150.0,5265.0,28.0,0.0,0.0,357390.0,1.082838e6,100.0,-148.5
335.0,222.74590977191215,222.74590977191215,2.9999999999999996,0.9999999999999997,150.0,5265.0,28.0,0.0,0.0,357390.0,1.082828e6,100.0,-148.5
336.0,222.74590977191895,222.74590977191895,2.9999999999999996,0.9999999999999997,150.0,5265.0,28.0,0.0,0.0,354040.0,1.082828e6,100.0,-148.5
