H,b_block,carrier,cost_inv_block,gen_bus,gen_status,gscr_rhs_uses_nameplate,id,index,marginal_cost,n_block0,n_block_max,na0,na0_corrected,na0_correction_policy,name,p_block_max,p_block_max_pu,p_block_min,p_block_min_pu,pg,pmax,pmin,q_block_max,q_block_min,qg,qmax,qmin,shutdown_block_cost,startup_block_cost,type
0.0,0.0,offwind-ac,1.8938226140537657e7,1,1,true,3,3,0.015000000000000005,0,28,0.0,true,clip_na0_to_n0,AL1 0 offwind-ac,100.0,0.02178553014272238,0.0,0.0,0.0,0.0,0.0,0.0,0.0,0.0,0.0,-0.0,0.0,0.0,gfl
0.0,0.0,onwind,4.804294400998315e6,1,1,true,5,5,0.015000000000000001,0,1350,0.0,true,clip_na0_to_n0,AL1 0 onwind,50.0,0.000363369168748289,0.0,0.0,0.0,0.0,0.0,0.0,0.0,0.0,0.0,-0.0,0.0,0.0,gfl
0.0,0.0,solar,1.7801035621902226e6,1,1,true,7,7,0.010000000000000002,1,1077,1.0,false,clip_na0_to_n0,AL1 0 solar,50.0,0.0,0.0,0.0,0.0,0.0,0.0,0.0,0.0,0.0,0.0,-0.0,0.0,0.0,gfl
0.0,0.0,onwind,4.804294400998315e6,2,1,true,10,10,0.015000000000000001,64,2794,1.0,false,clip_na0_to_n0,AT1 0 onwind,50.0,0.017424578392859977,0.0,0.0,0.0,56.17893168798772,0.0,0.0,0.0,0.0,56.17893168798772,-56.17893168798772,0.0,0.0,gfl
0.0,0.0,solar,1.7801035621902226e6,2,1,true,12,12,0.010000000000000002,44,3511,1.0,false,clip_na0_to_n0,AT1 0 solar,50.0,0.0,0.0,0.0,0.0,0.0,0.0,0.0,0.0,0.0,0.0,-0.0,0.0,0.0,gfl
0.0,0.0,onwind,4.804294400998315e6,3,1,true,16,16,0.015000000000000001,1,2769,1.0,false,clip_na0_to_n0,BA1 0 onwind,50.0,0.0,0.0,0.0,0.0,0.0,0.0,0.0,0.0,0.0,0.0,-0.0,0.0,0.0,gfl
0.0,0.0,solar,1.7801035621902226e6,3,1,true,17,17,0.010000000000000002,1,1764,1.0,false,clip_na0_to_n0,BA1 0 solar,50.0,0.0,0.0,0.0,0.0,0.0,0.0,0.0,0.0,0.0,0.0,-0.0,0.0,0.0,gfl
0.0,0.0,offwind-ac,1.8938226140537657e7,4,1,true,21,21,0.015000000000000005,9,14,1.0,false,clip_na0_to_n0,BE1 0 offwind-ac,100.0,0.316222160412764,0.0,0.0,0.0,286.71924075595973,0.0,0.0,0.0,0.0,286.71924075595973,-286.71924075595973,0.0,0.0,gfl
0.0,0.0,offwind-dc,2.1344257162772287e7,4,1,true,22,22,0.015000000000000003,14,24,0.0,false,clip_na0_to_n0,BE1 0 offwind-dc,100.0,0.41035240015908725,0.0,0.0,0.0,577.5197556747383,0.0,0.0,0.0,0.0,577.5197556747383,-577.5197556747383,0.0,0.0,gfl
0.0,0.0,onwind,4.804294400998315e6,4,1,true,23,23,0.015000000000000001,48,310,1.0,false,clip_na0_to_n0,BE1 0 onwind,50.0,0.10601082079312757,0.0,0.0,0.0,258.43529914590226,0.0,0.0,0.0,0.0,258.43529914590226,-258.43529914590226,0.0,0.0,gfl
0.0,0.0,solar,1.7801035621902226e6,4,1,true,25,25,0.010000000000000002,112,2120,1.0,false,clip_na0_to_n0,BE1 0 solar,50.0,0.0,0.0,0.0,0.0,0.0,0.0,0.0,0.0,0.0,0.0,-0.0,0.0,0.0,gfl
0.0,0.0,offwind-ac,1.8938226140537657e7,5,1,true,31,31,0.015000000000000005,0,15,0.0,true,clip_na0_to_n0,BG1 0 offwind-ac,100.0,0.30030227021835443,0.0,0.0,0.0,0.0,0.0,0.0,0.0,0.0,0.0,-0.0,0.0,0.0,gfl
0.0,0.0,offwind-dc,2.1344257162772287e7,5,1,true,32,32,0.015000000000000003,0,1,0.0,false,clip_na0_to_n0,BG1 0 offwind-dc,100.0,0.4115786448049546,0.0,0.0,0.0,0.0,0.0,0.0,0.0,0.0,0.0,-0.0,0.0,0.0,gfl
0.0,0.0,onwind,4.804294400998315e6,5,1,true,33,33,0.015000000000000001,14,2910,1.0,false,clip_na0_to_n0,BG1 0 onwind,50.0,0.15144074519821007,0.0,0.0,0.0,106.48101676376548,0.0,0.0,0.0,0.0,106.48101676376548,-106.48101676376548,0.0,0.0,gfl
0.0,0.0,solar,1.7801035621902226e6,5,1,true,35,35,0.010000000000000002,21,4683,1.0,false,clip_na0_to_n0,BG1 0 solar,50.0,0.0,0.0,0.0,0.0,0.0,0.0,0.0,0.0,0.0,0.0,-0.0,0.0,0.0,gfl
0.0,0.0,onwind,4.804294400998315e6,6,1,true,40,40,0.015000000000000001,1,1553,1.0,false,clip_na0_to_n0,CH1 0 onwind,50.0,0.0,0.0,0.0,0.0,0.0,0.0,0.0,0.0,0.0,0.0,-0.0,0.0,0.0,gfl
0.0,0.0,solar,1.7801035621902226e6,6,1,true,42,42,0.010000000000000002,59,2501,1.0,false,clip_na0_to_n0,CH1 0 solar,50.0,0.0,0.0,0.0,0.0,0.0,0.0,0.0,0.0,0.0,0.0,-0.0,0.0,0.0,gfl
0.0,0.0,onwind,4.804294400998315e6,7,1,true,47,47,0.015000000000000001,6,2082,1.0,false,clip_na0_to_n0,CZ1 0 onwind,50.0,0.04530315809829225,0.0,0.0,0.0,15.376344890141375,0.0,0.0,0.0,0.0,15.376344890141375,-15.376344890141375,0.0,0.0,gfl
0.0,0.0,solar,1.7801035621902226e6,7,1,true,49,49,0.010000000000000002,41,4189,1.0,false,clip_na0_to_n0,CZ1 0 solar,50.0,0.0,0.0,0.0,0.0,0.0,0.0,0.0,0.0,0.0,0.0,-0.0,0.0,0.0,gfl
0.0,0.0,offwind-ac,1.8938226140537657e7,8,1,true,55,55,0.015000000000000005,10,41,1.0,false,clip_na0_to_n0,DE1 0 offwind-ac,100.0,0.849464577199084,0.0,0.0,0.0,914.5102575728605,0.0,0.0,0.0,0.0,914.5102575728605,-914.5102575728605,0.0,0.0,gfl
0.0,0.0,offwind-dc,2.1344257162772287e7,8,1,true,56,56,0.015000000000000003,66,212,0.0,false,clip_na0_to_n0,DE1 0 offwind-dc,100.0,0.8797956499728905,0.0,0.0,0.0,5868.613041993922,0.0,0.0,0.0,0.0,5868.613041993922,-5868.613041993922,0.0,0.0,gfl
0.0,0.0,onwind,4.804294400998315e6,8,1,true,58,58,0.015000000000000001,1087,9784,1.0,false,clip_na0_to_n0,DE1 0 onwind,50.0,0.1739954469908403,0.0,0.0,0.0,9459.085650013909,0.0,0.0,0.0,0.0,9459.085650013909,-9459.085650013909,0.0,0.0,gfl
0.0,0.0,solar,1.7801035621902226e6,8,1,true,60,60,0.010000000000000002,1074,21583,1.0,false,clip_na0_to_n0,DE1 0 solar,50.0,0.0,0.0,0.0,0.0,0.0,0.0,0.0,0.0,0.0,0.0,-0.0,0.0,0.0,gfl
0.0,0.0,offwind-ac,1.8938226140537657e7,9,1,true,65,65,0.015000000000000005,4,133,1.0,false,clip_na0_to_n0,DK1 0 offwind-ac,100.0,0.884841460724771,0.0,0.0,0.0,399.5449168389687,0.0,0.0,0.0,0.0,399.5449168389687,-399.5449168389687,0.0,0.0,gfl
0.0,0.0,offwind-dc,2.1344257162772287e7,9,1,true,66,66,0.015000000000000003,9,242,0.0,false,clip_na0_to_n0,DK1 0 offwind-dc,100.0,0.8855000000000001,0.0,0.0,0.0,832.5424751124319,0.0,0.0,0.0,0.0,832.5424751124319,-832.5424751124319,0.0,0.0,gfl
0.0,0.0,onwind,4.804294400998315e6,9,1,true,67,67,0.015000000000000001,75,1237,1.0,false,clip_na0_to_n0,DK1 0 onwind,50.0,0.7689368485665921,0.0,0.0,0.0,2904.1382916681187,0.0,0.0,0.0,0.0,2904.1382916681187,-2904.1382916681187,0.0,0.0,gfl
0.0,0.0,solar,1.7801035621902226e6,9,1,true,68,68,0.010000000000000002,20,2303,1.0,false,clip_na0_to_n0,DK1 0 solar,50.0,0.0,0.0,0.0,0.0,0.0,0.0,0.0,0.0,0.0,0.0,-0.0,0.0,0.0,gfl
0.0,0.0,offwind-ac,1.8938226140537657e7,10,1,true,72,72,0.015000000000000005,2,70,1.0,false,clip_na0_to_n0,DK2 0 offwind-ac,100.0,0.8815162493242118,0.0,0.0,0.0,197.14933897108284,0.0,0.0,0.0,0.0,197.14933897108284,-197.14933897108284,0.0,0.0,gfl
0.0,0.0,offwind-dc,2.1344257162772287e7,10,1,true,73,73,0.015000000000000003,1,25,0.0,false,clip_na0_to_n0,DK2 0 offwind-dc,100.0,0.8855000000000001,0.0,0.0,0.0,75.63335173237799,0.0,0.0,0.0,0.0,75.63335173237799,-75.63335173237799,0.0,0.0,gfl
0.0,0.0,onwind,4.804294400998315e6,10,1,true,74,74,0.015000000000000001,15,233,1.0,false,clip_na0_to_n0,DK2 0 onwind,50.0,0.7213119627784026,0.0,0.0,0.0,546.2763163259219,0.0,0.0,0.0,0.0,546.2763163259219,-546.2763163259219,0.0,0.0,gfl
0.0,0.0,solar,1.7801035621902226e6,10,1,true,75,75,0.010000000000000002,5,583,1.0,false,clip_na0_to_n0,DK2 0 solar,50.0,0.0,0.0,0.0,0.0,0.0,0.0,0.0,0.0,0.0,0.0,-0.0,0.0,0.0,gfl
0.0,0.0,offwind-ac,1.8938226140537657e7,11,1,true,78,78,0.015000000000000005,0,150,0.0,true,clip_na0_to_n0,EE6 0 offwind-ac,100.0,0.8782780498695415,0.0,0.0,0.0,0.0,0.0,0.0,0.0,0.0,0.0,-0.0,0.0,0.0,gfl
0.0,0.0,offwind-dc,2.1344257162772287e7,11,1,true,79,79,0.015000000000000003,0,22,0.0,false,clip_na0_to_n0,EE6 0 offwind-dc,100.0,0.8855,0.0,0.0,0.0,0.0,0.0,0.0,0.0,0.0,0.0,-0.0,0.0,0.0,gfl
0.0,0.0,onwind,4.804294400998315e6,11,1,true,80,80,0.015000000000000001,6,1874,1.0,false,clip_na0_to_n0,EE6 0 onwind,50.0,0.8780565007176115,0.0,0.0,0.0,277.4658542267653,0.0,0.0,0.0,0.0,277.4658542267653,-277.4658542267653,0.0,0.0,gfl
0.0,0.0,solar,1.7801035621902226e6,11,1,true,81,81,0.010000000000000002,2,1241,1.0,false,clip_na0_to_n0,EE6 0 solar,50.0,0.0,0.0,0.0,0.0,0.0,0.0,0.0,0.0,0.0,0.0,-0.0,0.0,0.0,gfl
0.0,0.0,offwind-ac,1.8938226140537657e7,12,1,true,86,86,0.015000000000000005,1,93,1.0,false,clip_na0_to_n0,ES1 0 offwind-ac,100.0,0.47919538680425466,0.0,0.0,0.0,1.5270545317399415,0.0,0.0,0.0,0.0,1.5270545317399415,-1.5270545317399415,0.0,0.0,gfl
0.0,0.0,offwind-dc,2.1344257162772287e7,12,1,true,87,87,0.015000000000000003,0,1,0.0,false,clip_na0_to_n0,ES1 0 offwind-dc,100.0,0.8356929676037866,0.0,0.0,0.0,0.0,0.0,0.0,0.0,0.0,0.0,-0.0,0.0,0.0,gfl
0.0,0.0,onwind,4.804294400998315e6,12,1,true,89,89,0.015000000000000001,536,18552,1.0,false,clip_na0_to_n0,ES1 0 onwind,50.0,0.3145258004227283,0.0,0.0,0.0,8437.425928111945,0.0,0.0,0.0,0.0,8437.425928111945,-8437.425928111945,0.0,0.0,gfl
0.0,0.0,solar,1.7801035621902226e6,12,1,true,91,91,0.010000000000000002,233,21592,1.0,false,clip_na0_to_n0,ES1 0 solar,50.0,0.0,0.0,0.0,0.0,0.0,0.0,0.0,0.0,0.0,0.0,-0.0,0.0,0.0,gfl
0.0,0.0,offwind-ac,1.8938226140537657e7,13,1,true,94,94,0.015000000000000005,0,5,0.0,true,clip_na0_to_n0,ES4 0 offwind-ac,100.0,0.30738056153019055,0.0,0.0,0.0,0.033789737042426944,0.0,0.0,0.0,0.0,0.033789737042426944,-0.033789737042426944,0.0,0.0,gfl
0.0,0.0,offwind-dc,2.1344257162772287e7,13,1,true,95,95,0.015000000000000003,0,1,0.0,false,clip_na0_to_n0,ES4 0 offwind-dc,100.0,0.8146389850045017,0.0,0.0,0.0,0.0,0.0,0.0,0.0,0.0,0.0,-0.0,0.0,0.0,gfl
0.0,0.0,onwind,4.804294400998315e6,13,1,true,97,97,0.015000000000000001,5,126,1.0,false,clip_na0_to_n0,ES4 0 onwind,50.0,0.16721681638740432,0.0,0.0,0.0,43.134008915386985,0.0,0.0,0.0,0.0,43.134008915386985,-43.134008915386985,0.0,0.0,gfl
0.0,0.0,solar,1.7801035621902226e6,13,1,true,98,98,0.010000000000000002,2,199,1.0,false,clip_na0_to_n0,ES4 0 solar,50.0,0.0,0.0,0.0,0.0,0.0,0.0,0.0,0.0,0.0,0.0,-0.0,0.0,0.0,gfl
0.0,0.0,offwind-ac,1.8938226140537657e7,14,1,true,104,104,0.015000000000000005,1,392,1.0,false,clip_na0_to_n0,FI2 0 offwind-ac,100.0,0.8071777526443739,0.0,0.0,0.0,34.18818916405513,0.0,0.0,0.0,0.0,34.18818916405513,-34.18818916405513,0.0,0.0,gfl
0.0,0.0,offwind-dc,2.1344257162772287e7,14,1,true,105,105,0.015000000000000003,1,242,0.0,false,clip_na0_to_n0,FI2 0 offwind-dc,100.0,0.8794213539021468,0.0,0.0,0.0,26.9134017312803,0.0,0.0,0.0,0.0,26.9134017312803,-26.9134017312803,0.0,0.0,gfl
0.0,0.0,onwind,4.804294400998315e6,14,1,true,106,106,0.015000000000000001,63,15350,1.0,false,clip_na0_to_n0,FI2 0 onwind,50.0,0.302701366338246,0.0,0.0,0.0,960.7237608285682,0.0,0.0,0.0,0.0,960.7237608285682,-960.7237608285682,0.0,0.0,gfl
0.0,0.0,solar,1.7801035621902226e6,14,1,true,108,108,0.010000000000000002,7,2023,1.0,false,clip_na0_to_n0,FI2 0 solar,50.0,0.0,0.0,0.0,0.0,0.0,0.0,0.0,0.0,0.0,0.0,-0.0,0.0,0.0,gfl
0.0,0.0,offwind-ac,1.8938226140537657e7,15,1,true,113,113,0.015000000000000005,0,243,0.0,true,clip_na0_to_n0,FR1 0 offwind-ac,100.0,0.3631214203605473,0.0,0.0,0.0,0.16793477116538366,0.0,0.0,0.0,0.0,0.16793477116538366,-0.16793477116538366,0.0,0.0,gfl
0.0,0.0,offwind-dc,2.1344257162772287e7,15,1,true,114,114,0.015000000000000003,0,47,0.0,false,clip_na0_to_n0,FR1 0 offwind-dc,100.0,0.6476772713909371,0.0,0.0,0.0,0.0,0.0,0.0,0.0,0.0,0.0,-0.0,0.0,0.0,gfl
0.0,0.0,onwind,4.804294400998315e6,15,1,true,116,116,0.015000000000000001,343,19053,1.0,false,clip_na0_to_n0,FR1 0 onwind,50.0,0.13260102764874393,0.0,0.0,0.0,2275.6062216987843,0.0,0.0,0.0,0.0,2275.6062216987843,-2275.6062216987843,0.0,0.0,gfl
0.0,0.0,solar,1.7801035621902226e6,15,1,true,118,118,0.010000000000000002,233,33253,1.0,false,clip_na0_to_n0,FR1 0 solar,50.0,0.0,0.0,0.0,0.0,0.0,0.0,0.0,0.0,0.0,0.0,-0.0,0.0,0.0,gfl
0.0,0.0,offwind-ac,1.8938226140537657e7,16,1,true,124,124,0.015000000000000005,51,505,1.0,false,clip_na0_to_n0,GB0 0 offwind-ac,100.0,0.4504882220154477,0.0,0.0,0.0,2319.3547173668876,0.0,0.0,0.0,0.0,2319.3547173668876,-2319.3547173668876,0.0,0.0,gfl
0.0,0.0,offwind-dc,2.1344257162772287e7,16,1,true,125,125,0.015000000000000003,45,404,0.0,false,clip_na0_to_n0,GB0 0 offwind-dc,100.0,0.542711965272532,0.0,0.0,0.0,2460.1199422877658,0.0,0.0,0.0,0.0,2460.1199422877658,-2460.1199422877658,0.0,0.0,gfl
0.0,0.0,onwind,4.804294400998315e6,16,1,true,126,126,0.015000000000000001,260,8048,1.0,false,clip_na0_to_n0,GB0 0 onwind,50.0,0.250359337818675,0.0,0.0,0.0,3261.678207301643,0.0,0.0,0.0,0.0,3261.678207301643,-3261.678207301643,0.0,0.0,gfl
0.0,0.0,solar,1.7801035621902226e6,16,1,true,128,128,0.010000000000000002,252,15701,1.0,false,clip_na0_to_n0,GB0 0 solar,50.0,0.0,0.0,0.0,0.0,0.0,0.0,0.0,0.0,0.0,0.0,-0.0,0.0,0.0,gfl
0.0,0.0,offwind-ac,1.8938226140537657e7,17,1,true,132,132,0.015000000000000005,2,25,1.0,false,clip_na0_to_n0,GB5 0 offwind-ac,100.0,0.19055030313209206,0.0,0.0,0.0,52.13943412631824,0.0,0.0,0.0,0.0,52.13943412631824,-52.13943412631824,0.0,0.0,gfl
0.0,0.0,offwind-dc,2.1344257162772287e7,17,1,true,133,133,0.015000000000000003,4,37,0.0,false,clip_na0_to_n0,GB5 0 offwind-dc,100.0,0.1452220571277618,0.0,0.0,0.0,62.063104345758724,0.0,0.0,0.0,0.0,62.063104345758724,-62.063104345758724,0.0,0.0,gfl
0.0,0.0,onwind,4.804294400998315e6,17,1,true,134,134,0.015000000000000001,21,635,1.0,false,clip_na0_to_n0,GB5 0 onwind,50.0,0.10295673923330484,0.0,0.0,0.0,110.569342704264,0.0,0.0,0.0,0.0,110.569342704264,-110.569342704264,0.0,0.0,gfl
0.0,0.0,solar,1.7801035621902226e6,17,1,true,135,135,0.010000000000000002,17,1153,1.0,false,clip_na0_to_n0,GB5 0 solar,50.0,0.0,0.0,0.0,0.0,0.0,0.0,0.0,0.0,0.0,0.0,-0.0,0.0,0.0,gfl
0.0,0.0,offwind-ac,1.8938226140537657e7,18,1,true,139,139,0.015000000000000005,0,149,0.0,true,clip_na0_to_n0,GR1 0 offwind-ac,100.0,0.1039313327742127,0.0,0.0,0.0,0.0,0.0,0.0,0.0,0.0,0.0,-0.0,0.0,0.0,gfl
0.0,0.0,offwind-dc,2.1344257162772287e7,18,1,true,140,140,0.015000000000000003,0,55,0.0,false,clip_na0_to_n0,GR1 0 offwind-dc,100.0,0.342392087826506,0.0,0.0,0.0,0.0,0.0,0.0,0.0,0.0,0.0,-0.0,0.0,0.0,gfl
0.0,0.0,onwind,4.804294400998315e6,18,1,true,142,142,0.015000000000000001,82,4193,1.0,false,clip_na0_to_n0,GR1 0 onwind,50.0,0.10653366952103424,0.0,0.0,0.0,438.1729827400138,0.0,0.0,0.0,0.0,438.1729827400138,-438.1729827400138,0.0,0.0,gfl
0.0,0.0,solar,1.7801035621902226e6,18,1,true,144,144,0.010000000000000002,64,4071,1.0,false,clip_na0_to_n0,GR1 0 solar,50.0,0.0,0.0,0.0,0.0,0.0,0.0,0.0,0.0,0.0,0.0,-0.0,0.0,0.0,gfl
0.0,0.0,offwind-ac,1.8938226140537657e7,19,1,true,147,147,0.015000000000000005,0,77,0.0,true,clip_na0_to_n0,HR1 0 offwind-ac,100.0,0.0,0.0,0.0,0.0,0.0,0.0,0.0,0.0,0.0,0.0,-0.0,0.0,0.0,gfl
0.0,0.0,offwind-dc,2.1344257162772287e7,19,1,true,148,148,0.015000000000000003,0,41,0.0,false,clip_na0_to_n0,HR1 0 offwind-dc,100.0,0.0,0.0,0.0,0.0,0.0,0.0,0.0,0.0,0.0,0.0,-0.0,0.0,0.0,gfl
0.0,0.0,onwind,4.804294400998315e6,19,1,true,149,149,0.015000000000000001,15,1534,1.0,false,clip_na0_to_n0,HR1 0 onwind,50.0,0.013737069511664257,0.0,0.0,0.0,10.828931896044935,0.0,0.0,0.0,0.0,10.828931896044935,-10.828931896044935,0.0,0.0,gfl
0.0,0.0,solar,1.7801035621902226e6,19,1,true,151,151,0.010000000000000002,1,1623,1.0,false,clip_na0_to_n0,HR1 0 solar,50.0,0.0,0.0,0.0,0.0,0.0,0.0,0.0,0.0,0.0,0.0,-0.0,0.0,0.0,gfl
0.0,0.0,onwind,4.804294400998315e6,20,1,true,157,157,0.015000000000000001,6,2743,1.0,false,clip_na0_to_n0,HU1 0 onwind,50.0,0.1046531246376868,0.0,0.0,0.0,33.80295925797284,0.0,0.0,0.0,0.0,33.80295925797284,-33.80295925797284,0.0,0.0,gfl
0.0,0.0,solar,1.7801035621902226e6,20,1,true,159,159,0.010000000000000002,39,6015,1.0,false,clip_na0_to_n0,HU1 0 solar,50.0,0.0,0.0,0.0,0.0,0.0,0.0,0.0,0.0,0.0,0.0,-0.0,0.0,0.0,gfl
0.0,0.0,offwind-ac,1.8938226140537657e7,21,1,true,163,163,0.015000000000000005,1,140,1.0,false,clip_na0_to_n0,IE5 0 offwind-ac,100.0,0.4330394774515242,0.0,0.0,0.0,10.664424398798852,0.0,0.0,0.0,0.0,10.664424398798852,-10.664424398798852,0.0,0.0,gfl
0.0,0.0,offwind-dc,2.1344257162772287e7,21,1,true,164,164,0.015000000000000003,0,3,0.0,false,clip_na0_to_n0,IE5 0 offwind-dc,100.0,0.3212444149606448,0.0,0.0,0.0,0.15289970814729,0.0,0.0,0.0,0.0,0.15289970814729,-0.15289970814729,0.0,0.0,gfl
0.0,0.0,onwind,4.804294400998315e6,21,1,true,166,166,0.015000000000000001,85,2819,1.0,false,clip_na0_to_n0,IE5 0 onwind,50.0,0.22980679890781558,0.0,0.0,0.0,982.3459310192827,0.0,0.0,0.0,0.0,982.3459310192827,-982.3459310192827,0.0,0.0,gfl
0.0,0.0,solar,1.7801035621902226e6,21,1,true,168,168,0.010000000000000002,1,4404,1.0,false,clip_na0_to_n0,IE5 0 solar,50.0,0.0,0.0,0.0,0.0,0.0,0.0,0.0,0.0,0.0,0.0,-0.0,0.0,0.0,gfl
0.0,0.0,offwind-ac,1.8938226140537657e7,22,1,true,173,173,0.015000000000000005,0,385,0.0,true,clip_na0_to_n0,IT1 0 offwind-ac,100.0,0.19312071842931958,0.0,0.0,0.0,0.0,0.0,0.0,0.0,0.0,0.0,-0.0,0.0,0.0,gfl
0.0,0.0,offwind-dc,2.1344257162772287e7,22,1,true,174,174,0.015000000000000003,0,29,0.0,false,clip_na0_to_n0,IT1 0 offwind-dc,100.0,0.39092067176839806,0.0,0.0,0.0,0.0,0.0,0.0,0.0,0.0,0.0,-0.0,0.0,0.0,gfl
0.0,0.0,onwind,4.804294400998315e6,22,1,true,175,175,0.015000000000000001,173,9325,1.0,false,clip_na0_to_n0,IT1 0 onwind,50.0,0.10538034221860822,0.0,0.0,0.0,914.9826621035501,0.0,0.0,0.0,0.0,914.9826621035501,-914.9826621035501,0.0,0.0,gfl
0.0,0.0,solar,1.7801035621902226e6,22,1,true,177,177,0.010000000000000002,408,14617,1.0,false,clip_na0_to_n0,IT1 0 solar,50.0,0.0,0.0,0.0,0.0,0.0,0.0,0.0,0.0,0.0,0.0,-0.0,0.0,0.0,gfl
0.0,0.0,offwind-ac,1.8938226140537657e7,23,1,true,181,181,0.015000000000000005,0,50,0.0,true,clip_na0_to_n0,IT3 0 offwind-ac,100.0,0.8596529339993344,0.0,0.0,0.0,0.0,0.0,0.0,0.0,0.0,0.0,-0.0,0.0,0.0,gfl
0.0,0.0,onwind,4.804294400998315e6,23,1,true,183,183,0.015000000000000001,47,1100,1.0,false,clip_na0_to_n0,IT3 0 onwind,50.0,0.7778588377428796,0.0,0.0,0.0,1846.253485564194,0.0,0.0,0.0,0.0,1846.253485564194,-1846.253485564194,0.0,0.0,gfl
0.0,0.0,solar,1.7801035621902226e6,23,1,true,185,185,0.010000000000000002,23,843,1.0,false,clip_na0_to_n0,IT3 0 solar,50.0,0.0,0.0,0.0,0.0,0.0,0.0,0.0,0.0,0.0,0.0,-0.0,0.0,0.0,gfl
0.0,0.0,offwind-ac,1.8938226140537657e7,24,1,true,188,188,0.015000000000000005,0,11,0.0,true,clip_na0_to_n0,LT6 0 offwind-ac,100.0,0.8854195518561317,0.0,0.0,0.0,0.0,0.0,0.0,0.0,0.0,0.0,-0.0,0.0,0.0,gfl
0.0,0.0,offwind-dc,2.1344257162772287e7,24,1,true,189,189,0.015000000000000003,0,8,0.0,false,clip_na0_to_n0,LT6 0 offwind-dc,100.0,0.8855,0.0,0.0,0.0,0.0,0.0,0.0,0.0,0.0,0.0,-0.0,0.0,0.0,gfl
0.0,0.0,onwind,4.804294400998315e6,24,1,true,190,190,0.015000000000000001,10,2568,1.0,false,clip_na0_to_n0,LT6 0 onwind,50.0,0.6190216144373661,0.0,0.0,0.0,333.6526501817404,0.0,0.0,0.0,0.0,333.6526501817404,-333.6526501817404,0.0,0.0,gfl
0.0,0.0,solar,1.7801035621902226e6,24,1,true,192,192,0.010000000000000002,2,3541,1.0,false,clip_na0_to_n0,LT6 0 solar,50.0,0.0,0.0,0.0,0.0,0.0,0.0,0.0,0.0,0.0,0.0,-0.0,0.0,0.0,gfl
0.0,0.0,onwind,4.804294400998315e6,25,1,true,196,196,0.015000000000000001,4,61,1.0,false,clip_na0_to_n0,LU1 0 onwind,50.0,0.07110469279133591,0.0,0.0,0.0,16.99169701841569,0.0,0.0,0.0,0.0,16.99169701841569,-16.99169701841569,0.0,0.0,gfl
0.0,0.0,solar,1.7801035621902226e6,25,1,true,198,198,0.010000000000000002,5,147,1.0,false,clip_na0_to_n0,LU1 0 solar,50.0,0.0,0.0,0.0,0.0,0.0,0.0,0.0,0.0,0.0,0.0,-0.0,0.0,0.0,gfl
0.0,0.0,offwind-ac,1.8938226140537657e7,26,1,true,201,201,0.015000000000000005,0,79,0.0,true,clip_na0_to_n0,LV6 0 offwind-ac,100.0,0.8855,0.0,0.0,0.0,0.0,0.0,0.0,0.0,0.0,0.0,-0.0,0.0,0.0,gfl
0.0,0.0,offwind-dc,2.1344257162772287e7,26,1,true,202,202,0.015000000000000003,0,31,0.0,false,clip_na0_to_n0,LV6 0 offwind-dc,100.0,0.8855,0.0,0.0,0.0,0.0,0.0,0.0,0.0,0.0,0.0,-0.0,0.0,0.0,gfl
0.0,0.0,onwind,4.804294400998315e6,26,1,true,203,203,0.015000000000000001,1,2994,1.0,false,clip_na0_to_n0,LV6 0 onwind,50.0,0.7920083324961611,0.0,0.0,0.0,61.634762858711404,0.0,0.0,0.0,0.0,61.634762858711404,-61.634762858711404,0.0,0.0,gfl
0.0,0.0,solar,1.7801035621902226e6,26,1,true,205,205,0.010000000000000002,1,2404,1.0,false,clip_na0_to_n0,LV6 0 solar,50.0,0.0,0.0,0.0,0.0,0.0,0.0,0.0,0.0,0.0,0.0,-0.0,0.0,0.0,gfl
0.0,0.0,offwind-ac,1.8938226140537657e7,27,1,true,209,209,0.015000000000000005,0,6,0.0,true,clip_na0_to_n0,ME1 0 offwind-ac,100.0,0.032586746078994026,0.0,0.0,0.0,0.0,0.0,0.0,0.0,0.0,0.0,-0.0,0.0,0.0,gfl
0.0,0.0,onwind,4.804294400998315e6,27,1,true,210,210,0.015000000000000001,2,756,1.0,false,clip_na0_to_n0,ME1 0 onwind,50.0,0.0,0.0,0.0,0.0,0.0,0.0,0.0,0.0,0.0,0.0,-0.0,0.0,0.0,gfl
0.0,0.0,solar,1.7801035621902226e6,27,1,true,212,212,0.010000000000000002,1,295,1.0,false,clip_na0_to_n0,ME1 0 solar,50.0,0.0,0.0,0.0,0.0,0.0,0.0,0.0,0.0,0.0,0.0,-0.0,0.0,0.0,gfl
0.0,0.0,onwind,4.804294400998315e6,28,1,true,215,215,0.015000000000000001,1,1334,1.0,false,clip_na0_to_n0,MK1 0 onwind,50.0,0.0,0.0,0.0,0.0,0.0,0.0,0.0,0.0,0.0,0.0,-0.0,0.0,0.0,gfl
0.0,0.0,solar,1.7801035621902226e6,28,1,true,216,216,0.010000000000000002,1,1013,1.0,false,clip_na0_to_n0,MK1 0 solar,50.0,0.0,0.0,0.0,0.0,0.0,0.0,0.0,0.0,0.0,0.0,-0.0,0.0,0.0,gfl
0.0,0.0,offwind-ac,1.8938226140537657e7,29,1,true,221,221,0.015000000000000005,1,33,1.0,false,clip_na0_to_n0,NL1 0 offwind-ac,100.0,0.15857233914430202,0.0,0.0,0.0,21.125592233018896,0.0,0.0,0.0,0.0,21.125592233018896,-21.125592233018896,0.0,0.0,gfl
0.0,0.0,offwind-dc,2.1344257162772287e7,29,1,true,222,222,0.015000000000000003,23,502,0.0,false,clip_na0_to_n0,NL1 0 offwind-dc,100.0,0.6877707527789827,0.0,0.0,0.0,1586.1655440139443,0.0,0.0,0.0,0.0,1586.1655440139443,-1586.1655440139443,0.0,0.0,gfl
0.0,0.0,onwind,4.804294400998315e6,29,1,true,223,223,0.015000000000000001,82,927,1.0,false,clip_na0_to_n0,NL1 0 onwind,50.0,0.060578965603355114,0.0,0.0,0.0,248.37375897375597,0.0,0.0,0.0,0.0,248.37375897375597,-248.37375897375597,0.0,0.0,gfl
0.0,0.0,solar,1.7801035621902226e6,29,1,true,224,224,0.010000000000000002,204,2771,1.0,false,clip_na0_to_n0,NL1 0 solar,50.0,0.0,0.0,0.0,0.0,0.0,0.0,0.0,0.0,0.0,0.0,-0.0,0.0,0.0,gfl
0.0,0.0,offwind-ac,1.8938226140537657e7,30,1,true,227,227,0.015000000000000005,0,321,0.0,true,clip_na0_to_n0,NO2 0 offwind-ac,100.0,0.5947109694473032,0.0,0.0,0.0,0.5010508758045884,0.0,0.0,0.0,0.0,0.5010508758045884,-0.5010508758045884,0.0,0.0,gfl
0.0,0.0,offwind-dc,2.1344257162772287e7,30,1,true,228,228,0.015000000000000003,0,59,0.0,false,clip_na0_to_n0,NO2 0 offwind-dc,100.0,0.8854936065918337,0.0,0.0,0.0,0.23927044289892568,0.0,0.0,0.0,0.0,0.23927044289892568,-0.23927044289892568,0.0,0.0,gfl
0.0,0.0,onwind,4.804294400998315e6,30,1,true,229,229,0.015000000000000001,64,13647,1.0,false,clip_na0_to_n0,NO2 0 onwind,50.0,0.47465187124324815,0.0,0.0,0.0,1519.8668186746454,0.0,0.0,0.0,0.0,1519.8668186746454,-1519.8668186746454,0.0,0.0,gfl
0.0,0.0,solar,1.7801035621902226e6,30,1,true,230,230,0.010000000000000002,3,6026,1.0,false,clip_na0_to_n0,NO2 0 solar,50.0,0.0,0.0,0.0,0.0,0.0,0.0,0.0,0.0,0.0,0.0,-0.0,0.0,0.0,gfl
0.0,0.0,offwind-ac,1.8938226140537657e7,31,1,true,235,235,0.015000000000000005,0,49,0.0,true,clip_na0_to_n0,PL1 0 offwind-ac,100.0,0.8854999999999998,0.0,0.0,0.0,0.0,0.0,0.0,0.0,0.0,0.0,-0.0,0.0,0.0,gfl
0.0,0.0,offwind-dc,2.1344257162772287e7,31,1,true,236,236,0.015000000000000003,0,37,0.0,false,clip_na0_to_n0,PL1 0 offwind-dc,100.0,0.8855,0.0,0.0,0.0,0.0,0.0,0.0,0.0,0.0,0.0,-0.0,0.0,0.0,gfl
0.0,0.0,onwind,4.804294400998315e6,31,1,true,238,238,0.015000000000000001,125,8430,1.0,false,clip_na0_to_n0,PL1 0 onwind,50.0,0.641771072003107,0.0,0.0,0.0,4021.780359211151,0.0,0.0,0.0,0.0,4021.780359211151,-4021.780359211151,0.0,0.0,gfl
0.0,0.0,solar,1.7801035621902226e6,31,1,true,240,240,0.010000000000000002,78,17525,1.0,false,clip_na0_to_n0,PL1 0 solar,50.0,0.0,0.0,0.0,0.0,0.0,0.0,0.0,0.0,0.0,0.0,-0.0,0.0,0.0,gfl
0.0,0.0,offwind-ac,1.8938226140537657e7,32,1,true,243,243,0.015000000000000005,1,45,1.0,false,clip_na0_to_n0,PT1 0 offwind-ac,100.0,0.25947150930117224,0.0,0.0,0.0,6.478052498593304,0.0,0.0,0.0,0.0,6.478052498593304,-6.478052498593304,0.0,0.0,gfl
0.0,0.0,onwind,4.804294400998315e6,32,1,true,244,244,0.015000000000000001,104,3236,1.0,false,clip_na0_to_n0,PT1 0 onwind,50.0,0.12624346174511547,0.0,0.0,0.0,658.188047147324,0.0,0.0,0.0,0.0,658.188047147324,-658.188047147324,0.0,0.0,gfl
0.0,0.0,solar,1.7801035621902226e6,32,1,true,246,246,0.010000000000000002,20,2746,1.0,false,clip_na0_to_n0,PT1 0 solar,50.0,0.0,0.0,0.0,0.0,0.0,0.0,0.0,0.0,0.0,0.0,-0.0,0.0,0.0,gfl
0.0,0.0,offwind-ac,1.8938226140537657e7,33,1,true,251,251,0.015000000000000005,0,17,0.0,true,clip_na0_to_n0,RO1 0 offwind-ac,100.0,0.5381486781286275,0.0,0.0,0.0,0.0,0.0,0.0,0.0,0.0,0.0,-0.0,0.0,0.0,gfl
0.0,0.0,offwind-dc,2.1344257162772287e7,33,1,true,252,252,0.015000000000000003,0,12,0.0,false,clip_na0_to_n0,RO1 0 offwind-dc,100.0,0.4278824031446664,0.0,0.0,0.0,0.0,0.0,0.0,0.0,0.0,0.0,-0.0,0.0,0.0,gfl
0.0,0.0,onwind,4.804294400998315e6,33,1,true,253,253,0.015000000000000001,60,6497,1.0,false,clip_na0_to_n0,RO1 0 onwind,50.0,0.16689405371069527,0.0,0.0,0.0,504.44061522165066,0.0,0.0,0.0,0.0,504.44061522165066,-504.44061522165066,0.0,0.0,gfl
0.0,0.0,solar,1.7801035621902226e6,33,1,true,255,255,0.010000000000000002,27,13075,1.0,false,clip_na0_to_n0,RO1 0 solar,50.0,0.0,0.0,0.0,0.0,0.0,0.0,0.0,0.0,0.0,0.0,-0.0,0.0,0.0,gfl
0.0,0.0,onwind,4.804294400998315e6,34,1,true,259,259,0.015000000000000001,7,4198,1.0,false,clip_na0_to_n0,RS1 0 onwind,50.0,0.003424111948757074,0.0,0.0,0.0,1.3593392082490188,0.0,0.0,0.0,0.0,1.3593392082490188,-1.3593392082490188,0.0,0.0,gfl
0.0,0.0,solar,1.7801035621902226e6,34,1,true,261,261,0.010000000000000002,1,4339,1.0,false,clip_na0_to_n0,RS1 0 solar,50.0,0.0,0.0,0.0,0.0,0.0,0.0,0.0,0.0,0.0,0.0,-0.0,0.0,0.0,gfl
0.0,0.0,offwind-ac,1.8938226140537657e7,35,1,true,265,265,0.015000000000000005,1,558,1.0,false,clip_na0_to_n0,SE2 0 offwind-ac,100.0,0.8350840997350393,0.0,0.0,0.0,129.71966532159905,0.0,0.0,0.0,0.0,129.71966532159905,-129.71966532159905,0.0,0.0,gfl
0.0,0.0,offwind-dc,2.1344257162772287e7,35,1,true,266,266,0.015000000000000003,1,148,0.0,false,clip_na0_to_n0,SE2 0 offwind-dc,100.0,0.8790666164678078,0.0,0.0,0.0,41.671073012214215,0.0,0.0,0.0,0.0,41.671073012214215,-41.671073012214215,0.0,0.0,gfl
0.0,0.0,onwind,4.804294400998315e6,35,1,true,267,267,0.015000000000000001,189,18756,1.0,false,clip_na0_to_n0,SE2 0 onwind,50.0,0.6425333385932095,0.0,0.0,0.0,6094.428716556593,0.0,0.0,0.0,0.0,6094.428716556593,-6094.428716556593,0.0,0.0,gfl
0.0,0.0,solar,1.7801035621902226e6,35,1,true,269,269,0.010000000000000002,28,3949,1.0,false,clip_na0_to_n0,SE2 0 solar,50.0,0.0,0.0,0.0,0.0,0.0,0.0,0.0,0.0,0.0,0.0,-0.0,0.0,0.0,gfl
0.0,0.0,offwind-ac,1.8938226140537657e7,36,1,true,274,274,0.015000000000000005,0,2,0.0,true,clip_na0_to_n0,SI1 0 offwind-ac,100.0,0.0,0.0,0.0,0.0,0.0,0.0,0.0,0.0,0.0,0.0,-0.0,0.0,0.0,gfl
0.0,0.0,onwind,4.804294400998315e6,36,1,true,275,275,0.015000000000000001,1,575,1.0,false,clip_na0_to_n0,SI1 0 onwind,50.0,0.023077777334042714,0.0,0.0,0.0,0.12346610873712856,0.0,0.0,0.0,0.0,0.12346610873712856,-0.12346610873712856,0.0,0.0,gfl
0.0,0.0,solar,1.7801035621902226e6,36,1,true,277,277,0.010000000000000002,5,484,1.0,false,clip_na0_to_n0,SI1 0 solar,50.0,0.0,0.0,0.0,0.0,0.0,0.0,0.0,0.0,0.0,0.0,-0.0,0.0,0.0,gfl
0.0,0.0,onwind,4.804294400998315e6,37,1,true,283,283,0.015000000000000001,1,1043,1.0,false,clip_na0_to_n0,SK1 0 onwind,50.0,0.05191227553978329,0.0,0.0,0.0,0.18876408047897186,0.0,0.0,0.0,0.0,0.18876408047897186,-0.18876408047897186,0.0,0.0,gfl
0.0,0.0,solar,1.7801035621902226e6,37,1,true,285,285,0.010000000000000002,11,2005,1.0,false,clip_na0_to_n0,SK1 0 solar,50.0,0.0,0.0,0.0,0.0,0.0,0.0,0.0,0.0,0.0,0.0,-0.0,0.0,0.0,gfl
