t,hour,scenario_name,gSCR_t,normalized_global_gSCR,alpha_paper
1,1,BASE,0.00574312780527556,0.003828751870183707,1.5
2,2,BASE,0.00574312780527556,0.003828751870183707,1.5
3,3,BASE,0.004999999999999889,0.0033333333333332594,1.5
4,4,BASE,0.004999999999999889,0.0033333333333332594,1.5
5,5,BASE,0.004999999999999889,0.0033333333333332594,1.5
6,6,BASE,0.004285714285714293,0.002857142857142862,1.5
7,7,BASE,0.004285714285714293,0.002857142857142862,1.5
8,8,BASE,0.004285714285714293,0.002857142857142862,1.5
9,9,BASE,0.00428571428571435,0.0028571428571429,1.5
10,10,BASE,0.00428571428571435,0.0028571428571429,1.5
11,11,BASE,0.00428571428571435,0.0028571428571429,1.5
12,12,BASE,0.00428571428571435,0.0028571428571429,1.5
13,13,BASE,0.00428571428571435,0.0028571428571429,1.5
14,14,BASE,0.00428571428571435,0.0028571428571429,1.5
15,15,BASE,0.00428571428571435,0.0028571428571429,1.5
16,16,BASE,0.00428571428571435,0.0028571428571429,1.5
17,17,BASE,0.00428571428571435,0.0028571428571429,1.5
18,18,BASE,0.00428571428571435,0.0028571428571429,1.5
19,19,BASE,0.00428571428571435,0.0028571428571429,1.5
20,20,BASE,0.00428571428571435,0.0028571428571429,1.5
21,21,BASE,0.00342307640760784,0.0022820509384052267,1.5
22,22,BASE,0.00342307640760784,0.0022820509384052267,1.5
23,23,BASE,0.00342307640760784,0.0022820509384052267,1.5
24,24,BASE,0.00342307640760784,0.0022820509384052267,1.5
25,25,BASE,0.00342307640760784,0.0022820509384052267,1.5
26,26,BASE,0.00342307640760784,0.0022820509384052267,1.5
27,27,BASE,0.00342307640760784,0.0022820509384052267,1.5
28,28,BASE,0.00342307640760784,0.0022820509384052267,1.5
29,29,BASE,0.00342307640760784,0.0022820509384052267,1.5
30,30,BASE,0.00342307640760784,0.0022820509384052267,1.5
31,31,BASE,0.00342307640760784,0.0022820509384052267,1.5
32,32,BASE,0.00342307640760784,0.0022820509384052267,1.5
33,33,BASE,0.00342307640760784,0.0022820509384052267,1.5
34,34,BASE,0.00342307640760784,0.0022820509384052267,1.5
35,35,BASE,0.00342307640760784,0.0022820509384052267,1.5
36,36,BASE,0.00342307640760784,0.0022820509384052267,1.5
37,37,BASE,0.00342307640760784,0.0022820509384052267,1.5
38,38,BASE,0.00342307640760784,0.0022820509384052267,1.5
39,39,BASE,0.00342307640760784,0.0022820509384052267,1.5
40,40,BASE,0.00342307640760784,0.0022820509384052267,1.5
41,41,BASE,0.00342307640760784,0.0022820509384052267,1.5
42,42,BASE,0.00342307640760784,0.0022820509384052267,1.5
43,43,BASE,0.00342307640760784,0.0022820509384052267,1.5
44,44,BASE,0.00342307640760784,0.0022820509384052267,1.5
45,45,BASE,0.00342307640760784,0.0022820509384052267,1.5
46,46,BASE,0.00342307640760784,0.0022820509384052267,1.5
47,47,BASE,0.00342307640760784,0.0022820509384052267,1.5
48,48,BASE,0.003423073645494201,0.002282049096996134,1.5
49,49,BASE,0.003423073645494201,0.002282049096996134,1.5
50,50,BASE,0.003423073645494201,0.002282049096996134,1.5
51,51,BASE,0.003423073645494201,0.002282049096996134,1.5
52,52,BASE,0.003423073645494201,0.002282049096996134,1.5
53,53,BASE,0.003423073645494201,0.002282049096996134,1.5
54,54,BASE,0.003423073645494201,0.002282049096996134,1.5
55,55,BASE,0.003423073645494201,0.002282049096996134,1.5
56,56,BASE,0.003423073645494201,0.002282049096996134,1.5
57,57,BASE,0.003423073645494201,0.002282049096996134,1.5
58,58,BASE,0.003423073645494201,0.002282049096996134,1.5
59,59,BASE,0.003423073645494201,0.002282049096996134,1.5
60,60,BASE,0.003423073645494201,0.002282049096996134,1.5
61,61,BASE,0.003423073645494201,0.002282049096996134,1.5
62,62,BASE,0.003423073645494201,0.002282049096996134,1.5
63,63,BASE,0.003423073645494201,0.002282049096996134,1.5
64,64,BASE,0.003423073645494201,0.002282049096996134,1.5
65,65,BASE,0.003423073645494201,0.002282049096996134,1.5
66,66,BASE,0.003423073645494201,0.002282049096996134,1.5
67,67,BASE,0.003423073645494201,0.002282049096996134,1.5
68,68,BASE,0.003423073645494201,0.002282049096996134,1.5
69,69,BASE,0.003423073645494201,0.002282049096996134,1.5
70,70,BASE,0.003423073645494201,0.002282049096996134,1.5
71,71,BASE,0.003423073645494201,0.002282049096996134,1.5
72,72,BASE,0.003423073645494201,0.002282049096996134,1.5
73,73,BASE,0.003423073645494201,0.002282049096996134,1.5
74,74,BASE,0.003423073645494201,0.002282049096996134,1.5
75,75,BASE,0.003423073645494201,0.002282049096996134,1.5
76,76,BASE,0.003423073645494201,0.002282049096996134,1.5
77,77,BASE,0.003423073645494201,0.002282049096996134,1.5
78,78,BASE,0.003423073645494201,0.002282049096996134,1.5
79,79,BASE,0.003423073645494201,0.002282049096996134,1.5
80,80,BASE,0.003423073645494201,0.002282049096996134,1.5
81,81,BASE,0.003423073645494201,0.002282049096996134,1.5
82,82,BASE,0.003423073645494201,0.002282049096996134,1.5
83,83,BASE,0.003423073645494201,0.002282049096996134,1.5
84,84,BASE,0.003423073645494201,0.002282049096996134,1.5
85,85,BASE,0.003423073645494201,0.002282049096996134,1.5
86,86,BASE,0.003423073645494201,0.002282049096996134,1.5
87,87,BASE,0.003423073645494201,0.002282049096996134,1.5
88,88,BASE,0.003423073645494201,0.002282049096996134,1.5
89,89,BASE,0.003423073645494201,0.002282049096996134,1.5
90,90,BASE,0.003423073645494201,0.002282049096996134,1.5
91,91,BASE,0.003423073645494201,0.002282049096996134,1.5
92,92,BASE,0.003423073645494201,0.002282049096996134,1.5
93,93,BASE,0.003423073645494201,0.002282049096996134,1.5
94,94,BASE,0.003423073645494201,0.002282049096996134,1.5
95,95,BASE,0.003423073645494201,0.002282049096996134,1.5
96,96,BASE,0.003423073645494201,0.002282049096996134,1.5
97,97,BASE,0.003423073645494201,0.002282049096996134,1.5
98,98,BASE,0.003423073645494201,0.002282049096996134,1.5
99,99,BASE,0.003423073645494201,0.002282049096996134,1.5
100,100,BASE,0.003423073645494201,0.002282049096996134,1.5
101,101,BASE,0.003423073645494201,0.002282049096996134,1.5
102,102,BASE,0.003423073645494201,0.002282049096996134,1.5
103,103,BASE,0.003423073645494201,0.002282049096996134,1.5
104,104,BASE,0.003423073645494201,0.002282049096996134,1.5
105,105,BASE,0.003423073645494201,0.002282049096996134,1.5
106,106,BASE,0.003423073645494201,0.002282049096996134,1.5
107,107,BASE,0.003423073645494201,0.002282049096996134,1.5
108,108,BASE,0.003423073645494201,0.002282049096996134,1.5
109,109,BASE,0.003423073645494201,0.002282049096996134,1.5
110,110,BASE,0.003423073645494201,0.002282049096996134,1.5
111,111,BASE,0.003423073645494201,0.002282049096996134,1.5
112,112,BASE,0.003423073645494201,0.002282049096996134,1.5
113,113,BASE,0.003423073645494201,0.002282049096996134,1.5
114,114,BASE,0.003423073645494201,0.002282049096996134,1.5
115,115,BASE,0.003423073645494201,0.002282049096996134,1.5
116,116,BASE,0.003423073645494201,0.002282049096996134,1.5
117,117,BASE,0.003423073645494201,0.002282049096996134,1.5
118,118,BASE,0.003423073645494201,0.002282049096996134,1.5
119,119,BASE,0.003423073645494201,0.002282049096996134,1.5
120,120,BASE,0.003423073645494201,0.002282049096996134,1.5
121,121,BASE,0.003423073645494201,0.002282049096996134,1.5
122,122,BASE,0.003423073645494201,0.002282049096996134,1.5
123,123,BASE,0.003423073645494201,0.002282049096996134,1.5
124,124,BASE,0.003423073645494201,0.002282049096996134,1.5
125,125,BASE,0.003423073645494201,0.002282049096996134,1.5
126,126,BASE,0.003423073645494201,0.002282049096996134,1.5
127,127,BASE,0.003423073645494201,0.002282049096996134,1.5
128,128,BASE,0.003423073645494201,0.002282049096996134,1.5
129,129,BASE,0.003423073645494201,0.002282049096996134,1.5
130,130,BASE,0.003423073645494201,0.002282049096996134,1.5
131,131,BASE,0.003423073645494201,0.002282049096996134,1.5
132,132,BASE,0.003423073645494201,0.002282049096996134,1.5
133,133,BASE,0.003423073645494201,0.002282049096996134,1.5
134,134,BASE,0.003423073645494201,0.002282049096996134,1.5
135,135,BASE,0.003423073645494201,0.002282049096996134,1.5
136,136,BASE,0.003423073645494201,0.002282049096996134,1.5
137,137,BASE,0.003423073645494201,0.002282049096996134,1.5
138,138,BASE,0.003423073645494201,0.002282049096996134,1.5
139,139,BASE,0.003423073645494201,0.002282049096996134,1.5
140,140,BASE,0.003423073645494201,0.002282049096996134,1.5
141,141,BASE,0.003423073645494201,0.002282049096996134,1.5
142,142,BASE,0.003423073645494201,0.002282049096996134,1.5
143,143,BASE,0.003423073645494201,0.002282049096996134,1.5
144,144,BASE,0.003423073645494201,0.002282049096996134,1.5
145,145,BASE,0.003423073645494201,0.002282049096996134,1.5
146,146,BASE,0.003423073645494201,0.002282049096996134,1.5
147,147,BASE,0.003423073645494201,0.002282049096996134,1.5
148,148,BASE,0.003423073645494201,0.002282049096996134,1.5
149,149,BASE,0.003423073645494201,0.002282049096996134,1.5
150,150,BASE,0.003423073645494201,0.002282049096996134,1.5
151,151,BASE,0.003423073645494201,0.002282049096996134,1.5
152,152,BASE,0.003423073645494201,0.002282049096996134,1.5
153,153,BASE,0.003423073645494201,0.002282049096996134,1.5
154,154,BASE,0.003423073645494201,0.002282049096996134,1.5
155,155,BASE,0.003423073645494201,0.002282049096996134,1.5
156,156,BASE,0.003423073645494201,0.002282049096996134,1.5
157,157,BASE,0.003423073645494201,0.002282049096996134,1.5
158,158,BASE,0.003423073645494201,0.002282049096996134,1.5
159,159,BASE,0.003423073645494201,0.002282049096996134,1.5
160,160,BASE,0.003423073645494201,0.002282049096996134,1.5
161,161,BASE,0.003423073645494201,0.002282049096996134,1.5
162,162,BASE,0.003423073645494201,0.002282049096996134,1.5
163,163,BASE,0.003423073645494201,0.002282049096996134,1.5
164,164,BASE,0.003423073645494201,0.002282049096996134,1.5
165,165,BASE,0.003423073645494201,0.002282049096996134,1.5
166,166,BASE,0.003423073645494201,0.002282049096996134,1.5
167,167,BASE,0.003423073645494201,0.002282049096996134,1.5
168,168,BASE,0.003423073645494201,0.002282049096996134,1.5
169,169,BASE,0.003423073645494201,0.002282049096996134,1.5
170,170,BASE,0.003423073645494201,0.002282049096996134,1.5
171,171,BASE,0.003423073645494201,0.002282049096996134,1.5
172,172,BASE,0.003423073645494201,0.002282049096996134,1.5
173,173,BASE,0.003423073645494201,0.002282049096996134,1.5
174,174,BASE,0.003423073645494201,0.002282049096996134,1.5
175,175,BASE,0.003423073645494201,0.002282049096996134,1.5
176,176,BASE,0.003423073645494201,0.002282049096996134,1.5
177,177,BASE,0.003423073645494201,0.002282049096996134,1.5
178,178,BASE,0.003423073645494201,0.002282049096996134,1.5
179,179,BASE,0.003423073645494201,0.002282049096996134,1.5
180,180,BASE,0.003423073645494201,0.002282049096996134,1.5
181,181,BASE,0.003423073645494201,0.002282049096996134,1.5
182,182,BASE,0.003423073645494201,0.002282049096996134,1.5
183,183,BASE,0.003423073645494201,0.002282049096996134,1.5
184,184,BASE,0.003423073645494201,0.002282049096996134,1.5
185,185,BASE,0.003423073645494201,0.002282049096996134,1.5
186,186,BASE,0.003423073645494201,0.002282049096996134,1.5
187,187,BASE,0.003423073645494201,0.002282049096996134,1.5
188,188,BASE,0.003423073645494201,0.002282049096996134,1.5
189,189,BASE,0.0034229558883625763,0.0022819705922417174,1.5
190,190,BASE,0.0034229558883625763,0.0022819705922417174,1.5
191,191,BASE,0.0034229558883625763,0.0022819705922417174,1.5
192,192,BASE,0.0034229558883625763,0.0022819705922417174,1.5
193,193,BASE,0.0034229558883625763,0.0022819705922417174,1.5
194,194,BASE,0.0034229558883625763,0.0022819705922417174,1.5
195,195,BASE,0.0034229558883625763,0.0022819705922417174,1.5
196,196,BASE,0.0034229558883625763,0.0022819705922417174,1.5
197,197,BASE,0.0034229558883625763,0.0022819705922417174,1.5
198,198,BASE,0.0034229558883625763,0.0022819705922417174,1.5
199,199,BASE,0.0034229558883625763,0.0022819705922417174,1.5
200,200,BASE,0.0034229558883625763,0.0022819705922417174,1.5
201,201,BASE,0.0034229558883625763,0.0022819705922417174,1.5
202,202,BASE,0.0034229558883625763,0.0022819705922417174,1.5
203,203,BASE,0.0034229558883625763,0.0022819705922417174,1.5
204,204,BASE,0.0034229558883625763,0.0022819705922417174,1.5
205,205,BASE,0.0034229558883625763,0.0022819705922417174,1.5
206,206,BASE,0.0034229558883625763,0.0022819705922417174,1.5
207,207,BASE,0.0034229558883625763,0.0022819705922417174,1.5
208,208,BASE,0.0034229558883625763,0.0022819705922417174,1.5
209,209,BASE,0.0034229558883625763,0.0022819705922417174,1.5
210,210,BASE,0.0034229558883625763,0.0022819705922417174,1.5
211,211,BASE,0.0034229558883625763,0.0022819705922417174,1.5
212,212,BASE,0.0034229558883625763,0.0022819705922417174,1.5
213,213,BASE,0.0034229558883625763,0.0022819705922417174,1.5
214,214,BASE,0.0034229558883625763,0.0022819705922417174,1.5
215,215,BASE,0.0034229558883625763,0.0022819705922417174,1.5
216,216,BASE,0.0034229558883625763,0.0022819705922417174,1.5
217,217,BASE,0.0034229558883625763,0.0022819705922417174,1.5
218,218,BASE,0.0034229558883625763,0.0022819705922417174,1.5
219,219,BASE,0.0034229558883625763,0.0022819705922417174,1.5
220,220,BASE,0.0034229558883625763,0.0022819705922417174,1.5
221,221,BASE,0.0034229558883625763,0.0022819705922417174,1.5
222,222,BASE,0.0034229558883625763,0.0022819705922417174,1.5
223,223,BASE,0.0034229558883625763,0.0022819705922417174,1.5
224,224,BASE,0.0034229558883625763,0.0022819705922417174,1.5
225,225,BASE,0.0034229558883625763,0.0022819705922417174,1.5
226,226,BASE,0.0034229558883625763,0.0022819705922417174,1.5
227,227,BASE,0.0034229558883625763,0.0022819705922417174,1.5
228,228,BASE,0.0034229558883625763,0.0022819705922417174,1.5
229,229,BASE,0.0034229558883625763,0.0022819705922417174,1.5
230,230,BASE,0.0034229558883625763,0.0022819705922417174,1.5
231,231,BASE,0.0034229558883625763,0.0022819705922417174,1.5
232,232,BASE,0.0034229558883625763,0.0022819705922417174,1.5
233,233,BASE,0.0034229558883625763,0.0022819705922417174,1.5
234,234,BASE,0.0034229558883625763,0.0022819705922417174,1.5
235,235,BASE,0.0034229558883625763,0.0022819705922417174,1.5
236,236,BASE,0.0034229558883625763,0.0022819705922417174,1.5
237,237,BASE,0.0034229558883625763,0.0022819705922417174,1.5
238,238,BASE,0.0034229558883625763,0.0022819705922417174,1.5
239,239,BASE,0.0034229558883625763,0.0022819705922417174,1.5
240,240,BASE,0.0034229558883625763,0.0022819705922417174,1.5
241,241,BASE,0.0034229558883625763,0.0022819705922417174,1.5
242,242,BASE,0.0034229558883625763,0.0022819705922417174,1.5
243,243,BASE,0.0034229558883625763,0.0022819705922417174,1.5
244,244,BASE,0.0034229558883625763,0.0022819705922417174,1.5
245,245,BASE,0.0034229558883625763,0.0022819705922417174,1.5
246,246,BASE,0.0034229558883625763,0.0022819705922417174,1.5
247,247,BASE,0.0034229558883625763,0.0022819705922417174,1.5
248,248,BASE,0.0034229558883625763,0.0022819705922417174,1.5
249,249,BASE,0.0034229558883625763,0.0022819705922417174,1.5
250,250,BASE,0.0034229558883625763,0.0022819705922417174,1.5
251,251,BASE,0.0034229558883625763,0.0022819705922417174,1.5
252,252,BASE,0.0034229558883625763,0.0022819705922417174,1.5
253,253,BASE,0.0034229558883625763,0.0022819705922417174,1.5
254,254,BASE,0.0034229558883625763,0.0022819705922417174,1.5
255,255,BASE,0.0034229558883625763,0.0022819705922417174,1.5
256,256,BASE,0.0034229558883625763,0.0022819705922417174,1.5
257,257,BASE,0.0034229558883625763,0.0022819705922417174,1.5
258,258,BASE,0.0034229558883625763,0.0022819705922417174,1.5
259,259,BASE,0.0034229558883625763,0.0022819705922417174,1.5
260,260,BASE,0.0034229558883625763,0.0022819705922417174,1.5
261,261,BASE,0.0034229558883625763,0.0022819705922417174,1.5
262,262,BASE,0.0034229558883625763,0.0022819705922417174,1.5
263,263,BASE,0.0034229558883625763,0.0022819705922417174,1.5
264,264,BASE,0.0034229558883625763,0.0022819705922417174,1.5
265,265,BASE,0.0034229558883625763,0.0022819705922417174,1.5
266,266,BASE,0.0034229558883625763,0.0022819705922417174,1.5
267,267,BASE,0.0034229558883625763,0.0022819705922417174,1.5
268,268,BASE,0.0034229558883625763,0.0022819705922417174,1.5
269,269,BASE,0.0034229558883625763,0.0022819705922417174,1.5
270,270,BASE,0.0034229558883625763,0.0022819705922417174,1.5
271,271,BASE,0.0034229558883625763,0.0022819705922417174,1.5
272,272,BASE,0.0034229558883625763,0.0022819705922417174,1.5
273,273,BASE,0.0034229558883625763,0.0022819705922417174,1.5
274,274,BASE,0.0034229558883625763,0.0022819705922417174,1.5
275,275,BASE,0.0034229558883625763,0.0022819705922417174,1.5
276,276,BASE,0.0034229558883625763,0.0022819705922417174,1.5
277,277,BASE,0.0034229558883625763,0.0022819705922417174,1.5
278,278,BASE,0.0034229558883625763,0.0022819705922417174,1.5
279,279,BASE,0.0034229558883625763,0.0022819705922417174,1.5
280,280,BASE,0.0034229558883625763,0.0022819705922417174,1.5
281,281,BASE,0.0034229558883625763,0.0022819705922417174,1.5
282,282,BASE,0.0034229558883625763,0.0022819705922417174,1.5
283,283,BASE,0.0034229558883625763,0.0022819705922417174,1.5
284,284,BASE,0.0034229558883625763,0.0022819705922417174,1.5
285,285,BASE,0.0034229558883625763,0.0022819705922417174,1.5
286,286,BASE,0.0034229558883625763,0.0022819705922417174,1.5
287,287,BASE,0.0034229558883625763,0.0022819705922417174,1.5
288,288,BASE,0.0034229558883625763,0.0022819705922417174,1.5
289,289,BASE,0.0034229558883625763,0.0022819705922417174,1.5
290,290,BASE,0.0034229558883625763,0.0022819705922417174,1.5
291,291,BASE,0.0034229558883625763,0.0022819705922417174,1.5
292,292,BASE,0.0034229558883625763,0.0022819705922417174,1.5
293,293,BASE,0.0034229558883625763,0.0022819705922417174,1.5
294,294,BASE,0.0034229558883625763,0.0022819705922417174,1.5
295,295,BASE,0.0034229558883625763,0.0022819705922417174,1.5
296,296,BASE,0.0034229558883625763,0.0022819705922417174,1.5
297,297,BASE,0.0034229558883625763,0.0022819705922417174,1.5
298,298,BASE,0.0034229558883625763,0.0022819705922417174,1.5
299,299,BASE,0.0034229558883625763,0.0022819705922417174,1.5
300,300,BASE,0.0034229558883625763,0.0022819705922417174,1.5
301,301,BASE,0.0034229558883625763,0.0022819705922417174,1.5
302,302,BASE,0.0034229558883625763,0.0022819705922417174,1.5
303,303,BASE,0.0034229558883625763,0.0022819705922417174,1.5
304,304,BASE,0.0034229558883625763,0.0022819705922417174,1.5
305,305,BASE,0.0034229558883625763,0.0022819705922417174,1.5
306,306,BASE,0.0034229558883625763,0.0022819705922417174,1.5
307,307,BASE,0.0034229558883625763,0.0022819705922417174,1.5
308,308,BASE,0.0034229558883625763,0.0022819705922417174,1.5
309,309,BASE,0.0034229558883625763,0.0022819705922417174,1.5
310,310,BASE,0.0034229558883625763,0.0022819705922417174,1.5
311,311,BASE,0.0034229558883625763,0.0022819705922417174,1.5
312,312,BASE,0.0034229558883625763,0.0022819705922417174,1.5
313,313,BASE,0.0034229558883625763,0.0022819705922417174,1.5
314,314,BASE,0.0034229558883625763,0.0022819705922417174,1.5
315,315,BASE,0.0034229558883625763,0.0022819705922417174,1.5
316,316,BASE,0.0034229558883625763,0.0022819705922417174,1.5
317,317,BASE,0.0034229558883625763,0.0022819705922417174,1.5
318,318,BASE,0.0034229558883625763,0.0022819705922417174,1.5
319,319,BASE,0.0034229558883625763,0.0022819705922417174,1.5
320,320,BASE,0.0034229558883625763,0.0022819705922417174,1.5
321,321,BASE,0.0034229558883625763,0.0022819705922417174,1.5
322,322,BASE,0.0034229558883625763,0.0022819705922417174,1.5
323,323,BASE,0.0034229558883625763,0.0022819705922417174,1.5
324,324,BASE,0.0034229558883625763,0.0022819705922417174,1.5
325,325,BASE,0.0034229558883625763,0.0022819705922417174,1.5
326,326,BASE,0.0034229558883625763,0.0022819705922417174,1.5
327,327,BASE,0.003422952395491217,0.002281968263660811,1.5
328,328,BASE,0.003422952395491217,0.002281968263660811,1.5
329,329,BASE,0.003422952395491217,0.002281968263660811,1.5
330,330,BASE,0.003422952395491217,0.002281968263660811,1.5
331,331,BASE,0.003422952395491217,0.002281968263660811,1.5
332,332,BASE,0.003422952395491217,0.002281968263660811,1.5
333,333,BASE,0.003422952395491217,0.002281968263660811,1.5
334,334,BASE,0.003422952395491217,0.002281968263660811,1.5
335,335,BASE,0.003422952395491217,0.002281968263660811,1.5
336,336,BASE,0.003422952395491217,0.002281968263660811,1.5
1,1,gSCR-GERSH-1.0,1.0071428571428576,0.6714285714285717,1.5
2,2,gSCR-GERSH-1.0,1.0056974852454357,0.6704649901636238,1.5
3,3,gSCR-GERSH-1.0,1.0071428571428567,0.6714285714285712,1.5
4,4,gSCR-GERSH-1.0,1.007142857142857,0.6714285714285713,1.5
5,5,gSCR-GERSH-1.0,1.0071428571428582,0.6714285714285722,1.5
6,6,gSCR-GERSH-1.0,1.0071428571428558,0.6714285714285705,1.5
7,7,gSCR-GERSH-1.0,1.001346153846154,0.6675641025641027,1.5
8,8,gSCR-GERSH-1.0,1.0035908405512592,0.6690605603675062,1.5
9,9,gSCR-GERSH-1.0,1.0013461538461534,0.6675641025641023,1.5
10,10,gSCR-GERSH-1.0,1.0071428571428565,0.6714285714285709,1.5
11,11,gSCR-GERSH-1.0,1.0013461538461543,0.6675641025641029,1.5
12,12,gSCR-GERSH-1.0,1.0013461538461546,0.667564102564103,1.5
13,13,gSCR-GERSH-1.0,1.0013461538461537,0.6675641025641025,1.5
14,14,gSCR-GERSH-1.0,1.0013461538461546,0.667564102564103,1.5
15,15,gSCR-GERSH-1.0,1.0013461538461534,0.6675641025641023,1.5
16,16,gSCR-GERSH-1.0,1.0013461538461539,0.6675641025641026,1.5
17,17,gSCR-GERSH-1.0,1.001346153846153,0.667564102564102,1.5
18,18,gSCR-GERSH-1.0,1.0013461538461546,0.667564102564103,1.5
19,19,gSCR-GERSH-1.0,1.0013461538461537,0.6675641025641025,1.5
20,20,gSCR-GERSH-1.0,1.0013461538461543,0.6675641025641029,1.5
21,21,gSCR-GERSH-1.0,1.0013461538461537,0.6675641025641025,1.5
22,22,gSCR-GERSH-1.0,1.0071428571428576,0.6714285714285717,1.5
23,23,gSCR-GERSH-1.0,1.007142857142857,0.6714285714285713,1.5
24,24,gSCR-GERSH-1.0,1.0178550348595978,0.6785700232397319,1.5
25,25,gSCR-GERSH-1.0,1.007142857142857,0.6714285714285713,1.5
26,26,gSCR-GERSH-1.0,1.001346153846154,0.6675641025641027,1.5
27,27,gSCR-GERSH-1.0,1.0071428571428651,0.6714285714285767,1.5
28,28,gSCR-GERSH-1.0,1.007142857142857,0.6714285714285713,1.5
29,29,gSCR-GERSH-1.0,1.0071428571428567,0.6714285714285712,1.5
30,30,gSCR-GERSH-1.0,1.007142857142856,0.6714285714285707,1.5
31,31,gSCR-GERSH-1.0,1.0071428571428587,0.6714285714285725,1.5
32,32,gSCR-GERSH-1.0,1.0071428571428573,0.6714285714285716,1.5
33,33,gSCR-GERSH-1.0,1.007142857142857,0.6714285714285713,1.5
34,34,gSCR-GERSH-1.0,1.0013461538461537,0.6675641025641025,1.5
35,35,gSCR-GERSH-1.0,1.0150353821741398,0.6766902547827599,1.5
36,36,gSCR-GERSH-1.0,1.007142857142857,0.6714285714285713,1.5
37,37,gSCR-GERSH-1.0,1.0013461538461532,0.6675641025641021,1.5
38,38,gSCR-GERSH-1.0,1.0013461538461546,0.667564102564103,1.5
39,39,gSCR-GERSH-1.0,1.0013461538461543,0.6675641025641029,1.5
40,40,gSCR-GERSH-1.0,1.001346153846154,0.6675641025641027,1.5
41,41,gSCR-GERSH-1.0,1.0149063683921273,0.6766042455947515,1.5
42,42,gSCR-GERSH-1.0,1.001346153846155,0.6675641025641034,1.5
43,43,gSCR-GERSH-1.0,1.0013461538461552,0.6675641025641035,1.5
44,44,gSCR-GERSH-1.0,1.0013461538461539,0.6675641025641026,1.5
45,45,gSCR-GERSH-1.0,1.0071428571428571,0.6714285714285714,1.5
46,46,gSCR-GERSH-1.0,1.0174771074272517,0.6783180716181678,1.5
47,47,gSCR-GERSH-1.0,1.007142857142857,0.6714285714285713,1.5
48,48,gSCR-GERSH-1.0,1.0174424838399876,0.6782949892266584,1.5
49,49,gSCR-GERSH-1.0,1.007142857142857,0.6714285714285713,1.5
50,50,gSCR-GERSH-1.0,1.012555224516634,0.6750368163444227,1.5
51,51,gSCR-GERSH-1.0,1.017855034859597,0.6785700232397313,1.5
52,52,gSCR-GERSH-1.0,1.014716836147543,0.6764778907650286,1.5
53,53,gSCR-GERSH-1.0,1.0013461538461543,0.6675641025641029,1.5
54,54,gSCR-GERSH-1.0,1.007142857142857,0.6714285714285713,1.5
55,55,gSCR-GERSH-1.0,1.0013461538461539,0.6675641025641026,1.5
56,56,gSCR-GERSH-1.0,1.0013461538461534,0.6675641025641023,1.5
57,57,gSCR-GERSH-1.0,1.0150195172840986,0.676679678189399,1.5
58,58,gSCR-GERSH-1.0,1.001346153846155,0.6675641025641034,1.5
59,59,gSCR-GERSH-1.0,1.0013461538461537,0.6675641025641025,1.5
60,60,gSCR-GERSH-1.0,1.0178550348595978,0.6785700232397319,1.5
61,61,gSCR-GERSH-1.0,1.0178550348595978,0.6785700232397319,1.5
62,62,gSCR-GERSH-1.0,1.0071428571428573,0.6714285714285716,1.5
63,63,gSCR-GERSH-1.0,1.0013461538461532,0.6675641025641021,1.5
64,64,gSCR-GERSH-1.0,1.0013461538461539,0.6675641025641026,1.5
65,65,gSCR-GERSH-1.0,1.0013461538461539,0.6675641025641026,1.5
66,66,gSCR-GERSH-1.0,1.0013461538461548,0.6675641025641031,1.5
67,67,gSCR-GERSH-1.0,1.0013461538461554,0.6675641025641036,1.5
68,68,gSCR-GERSH-1.0,1.0071428571428562,0.6714285714285708,1.5
69,69,gSCR-GERSH-1.0,1.0071428571428573,0.6714285714285716,1.5
70,70,gSCR-GERSH-1.0,1.0013461538461537,0.6675641025641025,1.5
71,71,gSCR-GERSH-1.0,1.0174719664293417,0.6783146442862278,1.5
72,72,gSCR-GERSH-1.0,1.0173141079052366,0.6782094052701577,1.5
73,73,gSCR-GERSH-1.0,1.0013461538461548,0.6675641025641031,1.5
74,74,gSCR-GERSH-1.0,1.0133903723610342,0.6755935815740228,1.5
75,75,gSCR-GERSH-1.0,1.0013461538461539,0.6675641025641026,1.5
76,76,gSCR-GERSH-1.0,1.0178550348595978,0.6785700232397319,1.5
77,77,gSCR-GERSH-1.0,1.0071428571428578,0.6714285714285718,1.5
78,78,gSCR-GERSH-1.0,1.0013461538461534,0.6675641025641023,1.5
79,79,gSCR-GERSH-1.0,1.0047864637167256,0.6698576424778171,1.5
80,80,gSCR-GERSH-1.0,1.001346153846154,0.6675641025641027,1.5
81,81,gSCR-GERSH-1.0,1.0013461538461534,0.6675641025641023,1.5
82,82,gSCR-GERSH-1.0,1.001346153846154,0.6675641025641027,1.5
83,83,gSCR-GERSH-1.0,1.001346153846154,0.6675641025641027,1.5
84,84,gSCR-GERSH-1.0,1.0013461538461534,0.6675641025641023,1.5
85,85,gSCR-GERSH-1.0,1.005789328525886,0.6705262190172574,1.5
86,86,gSCR-GERSH-1.0,1.0071428571428576,0.6714285714285717,1.5
87,87,gSCR-GERSH-1.0,1.001346153846155,0.6675641025641034,1.5
88,88,gSCR-GERSH-1.0,1.0013461538461543,0.6675641025641029,1.5
89,89,gSCR-GERSH-1.0,1.0013461538461534,0.6675641025641023,1.5
90,90,gSCR-GERSH-1.0,1.0071428571428582,0.6714285714285722,1.5
91,91,gSCR-GERSH-1.0,1.001346153846154,0.6675641025641027,1.5
92,92,gSCR-GERSH-1.0,1.0013461538461546,0.667564102564103,1.5
93,93,gSCR-GERSH-1.0,1.0013461538461539,0.6675641025641026,1.5
94,94,gSCR-GERSH-1.0,1.0013461538461572,0.6675641025641048,1.5
95,95,gSCR-GERSH-1.0,1.0071428571428573,0.6714285714285716,1.5
96,96,gSCR-GERSH-1.0,1.0071428571428578,0.6714285714285718,1.5
97,97,gSCR-GERSH-1.0,1.0071428571428571,0.6714285714285714,1.5
98,98,gSCR-GERSH-1.0,1.017494156313674,0.6783294375424492,1.5
99,99,gSCR-GERSH-1.0,1.007142857142856,0.6714285714285707,1.5
100,100,gSCR-GERSH-1.0,1.0013461538461537,0.6675641025641025,1.5
101,101,gSCR-GERSH-1.0,1.0178319547732886,0.6785546365155257,1.5
102,102,gSCR-GERSH-1.0,1.0071428571428578,0.6714285714285718,1.5
103,103,gSCR-GERSH-1.0,1.001346153846154,0.6675641025641027,1.5
104,104,gSCR-GERSH-1.0,1.0013461538461537,0.6675641025641025,1.5
105,105,gSCR-GERSH-1.0,1.001346153846155,0.6675641025641034,1.5
106,106,gSCR-GERSH-1.0,1.0063080411749779,0.6708720274499852,1.5
107,107,gSCR-GERSH-1.0,1.0013461538461557,0.6675641025641038,1.5
108,108,gSCR-GERSH-1.0,1.0013461538461539,0.6675641025641026,1.5
109,109,gSCR-GERSH-1.0,1.0013461538461537,0.6675641025641025,1.5
110,110,gSCR-GERSH-1.0,1.0013461538461534,0.6675641025641023,1.5
111,111,gSCR-GERSH-1.0,1.0013461538461548,0.6675641025641031,1.5
112,112,gSCR-GERSH-1.0,1.001346153846154,0.6675641025641027,1.5
113,113,gSCR-GERSH-1.0,1.001346153846154,0.6675641025641027,1.5
114,114,gSCR-GERSH-1.0,1.0013461538461539,0.6675641025641026,1.5
115,115,gSCR-GERSH-1.0,1.0013461538461539,0.6675641025641026,1.5
116,116,gSCR-GERSH-1.0,1.001346153846154,0.6675641025641027,1.5
117,117,gSCR-GERSH-1.0,1.0071428571428596,0.671428571428573,1.5
118,118,gSCR-GERSH-1.0,1.0013461538461546,0.667564102564103,1.5
119,119,gSCR-GERSH-1.0,1.0145011515619426,0.6763341010412951,1.5
120,120,gSCR-GERSH-1.0,1.0013461538461539,0.6675641025641026,1.5
121,121,gSCR-GERSH-1.0,1.0013461538461537,0.6675641025641025,1.5
122,122,gSCR-GERSH-1.0,1.0013461538461539,0.6675641025641026,1.5
123,123,gSCR-GERSH-1.0,1.0013461538461534,0.6675641025641023,1.5
124,124,gSCR-GERSH-1.0,1.0013461538461548,0.6675641025641031,1.5
125,125,gSCR-GERSH-1.0,1.007142857142858,0.671428571428572,1.5
126,126,gSCR-GERSH-1.0,1.0071428571428578,0.6714285714285718,1.5
127,127,gSCR-GERSH-1.0,1.0013461538461559,0.6675641025641039,1.5
128,128,gSCR-GERSH-1.0,1.0035908405512584,0.6690605603675056,1.5
129,129,gSCR-GERSH-1.0,1.0013461538461532,0.6675641025641021,1.5
130,130,gSCR-GERSH-1.0,1.0056798276178813,0.6704532184119208,1.5
131,131,gSCR-GERSH-1.0,1.001346153846154,0.6675641025641027,1.5
132,132,gSCR-GERSH-1.0,1.001346153846154,0.6675641025641027,1.5
133,133,gSCR-GERSH-1.0,1.001346153846153,0.667564102564102,1.5
134,134,gSCR-GERSH-1.0,1.0013461538461543,0.6675641025641029,1.5
135,135,gSCR-GERSH-1.0,1.0013461538461537,0.6675641025641025,1.5
136,136,gSCR-GERSH-1.0,1.0013461538461534,0.6675641025641023,1.5
137,137,gSCR-GERSH-1.0,1.0013461538461526,0.6675641025641017,1.5
138,138,gSCR-GERSH-1.0,1.0013461538461537,0.6675641025641025,1.5
139,139,gSCR-GERSH-1.0,1.001346153846153,0.667564102564102,1.5
140,140,gSCR-GERSH-1.0,1.001346153846154,0.6675641025641027,1.5
141,141,gSCR-GERSH-1.0,1.0013461538461537,0.6675641025641025,1.5
142,142,gSCR-GERSH-1.0,1.007142857142857,0.6714285714285713,1.5
143,143,gSCR-GERSH-1.0,1.0013461538461539,0.6675641025641026,1.5
144,144,gSCR-GERSH-1.0,1.0013461538461552,0.6675641025641035,1.5
145,145,gSCR-GERSH-1.0,1.0013461538461539,0.6675641025641026,1.5
146,146,gSCR-GERSH-1.0,1.0013461538461537,0.6675641025641025,1.5
147,147,gSCR-GERSH-1.0,1.014273573976014,0.676182382650676,1.5
148,148,gSCR-GERSH-1.0,1.0013461538461539,0.6675641025641026,1.5
149,149,gSCR-GERSH-1.0,1.0013461538461537,0.6675641025641025,1.5
150,150,gSCR-GERSH-1.0,1.0061740827357066,0.6707827218238044,1.5
151,151,gSCR-GERSH-1.0,1.0071428571428582,0.6714285714285722,1.5
152,152,gSCR-GERSH-1.0,1.001346153846156,0.667564102564104,1.5
153,153,gSCR-GERSH-1.0,1.0013461538461537,0.6675641025641025,1.5
154,154,gSCR-GERSH-1.0,1.0013461538461534,0.6675641025641023,1.5
155,155,gSCR-GERSH-1.0,1.001346153846154,0.6675641025641027,1.5
156,156,gSCR-GERSH-1.0,1.0058437640385152,0.6705625093590101,1.5
157,157,gSCR-GERSH-1.0,1.001346153846154,0.6675641025641027,1.5
158,158,gSCR-GERSH-1.0,1.007142857142857,0.6714285714285713,1.5
159,159,gSCR-GERSH-1.0,1.0013461538461534,0.6675641025641023,1.5
160,160,gSCR-GERSH-1.0,1.0013461538461537,0.6675641025641025,1.5
161,161,gSCR-GERSH-1.0,1.007142857142857,0.6714285714285713,1.5
162,162,gSCR-GERSH-1.0,1.0013461538461534,0.6675641025641023,1.5
163,163,gSCR-GERSH-1.0,1.001346153846154,0.6675641025641027,1.5
164,164,gSCR-GERSH-1.0,1.001346153846154,0.6675641025641027,1.5
165,165,gSCR-GERSH-1.0,1.0013461538461539,0.6675641025641026,1.5
166,166,gSCR-GERSH-1.0,1.001346153846155,0.6675641025641034,1.5
167,167,gSCR-GERSH-1.0,1.0071428571428565,0.6714285714285709,1.5
168,168,gSCR-GERSH-1.0,1.0071428571428571,0.6714285714285714,1.5
169,169,gSCR-GERSH-1.0,1.0013461538461537,0.6675641025641025,1.5
170,170,gSCR-GERSH-1.0,1.001346153846154,0.6675641025641027,1.5
171,171,gSCR-GERSH-1.0,1.0174485577721604,0.6782990385147736,1.5
172,172,gSCR-GERSH-1.0,1.007142857142857,0.6714285714285713,1.5
173,173,gSCR-GERSH-1.0,1.0178550348595978,0.6785700232397319,1.5
174,174,gSCR-GERSH-1.0,1.007142857142857,0.6714285714285713,1.5
175,175,gSCR-GERSH-1.0,1.0013461538461534,0.6675641025641023,1.5
176,176,gSCR-GERSH-1.0,1.0013461538461543,0.6675641025641029,1.5
177,177,gSCR-GERSH-1.0,1.0013461538461548,0.6675641025641031,1.5
178,178,gSCR-GERSH-1.0,1.001346153846154,0.6675641025641027,1.5
179,179,gSCR-GERSH-1.0,1.001346153846154,0.6675641025641027,1.5
180,180,gSCR-GERSH-1.0,1.0013461538461534,0.6675641025641023,1.5
181,181,gSCR-GERSH-1.0,1.0013461538461532,0.6675641025641021,1.5
182,182,gSCR-GERSH-1.0,1.0064402131425285,0.670960142095019,1.5
183,183,gSCR-GERSH-1.0,1.0013461538461546,0.667564102564103,1.5
184,184,gSCR-GERSH-1.0,1.0013461538461534,0.6675641025641023,1.5
185,185,gSCR-GERSH-1.0,1.0013461538461528,0.6675641025641018,1.5
186,186,gSCR-GERSH-1.0,1.0013461538461534,0.6675641025641023,1.5
187,187,gSCR-GERSH-1.0,1.0013461538461537,0.6675641025641025,1.5
188,188,gSCR-GERSH-1.0,1.001346153846154,0.6675641025641027,1.5
189,189,gSCR-GERSH-1.0,1.0166423047942994,0.677761536529533,1.5
190,190,gSCR-GERSH-1.0,1.0071428571428573,0.6714285714285716,1.5
191,191,gSCR-GERSH-1.0,1.0071428571428567,0.6714285714285712,1.5
192,192,gSCR-GERSH-1.0,1.007142857142857,0.6714285714285713,1.5
193,193,gSCR-GERSH-1.0,1.007142857142857,0.6714285714285713,1.5
194,194,gSCR-GERSH-1.0,1.0167130562158588,0.6778087041439059,1.5
195,195,gSCR-GERSH-1.0,1.0071428571428571,0.6714285714285714,1.5
196,196,gSCR-GERSH-1.0,1.0152914536649909,0.6768609691099939,1.5
197,197,gSCR-GERSH-1.0,1.0013461538461537,0.6675641025641025,1.5
198,198,gSCR-GERSH-1.0,1.0175025481079396,0.6783350320719598,1.5
199,199,gSCR-GERSH-1.0,1.0013461538461539,0.6675641025641026,1.5
200,200,gSCR-GERSH-1.0,1.0013461538461539,0.6675641025641026,1.5
201,201,gSCR-GERSH-1.0,1.0147925466139673,0.6765283644093115,1.5
202,202,gSCR-GERSH-1.0,1.0013461538461546,0.667564102564103,1.5
203,203,gSCR-GERSH-1.0,1.0167388315373027,0.6778258876915352,1.5
204,204,gSCR-GERSH-1.0,1.0013461538461539,0.6675641025641026,1.5
205,205,gSCR-GERSH-1.0,1.001346153846153,0.667564102564102,1.5
206,206,gSCR-GERSH-1.0,1.0013461538461537,0.6675641025641025,1.5
207,207,gSCR-GERSH-1.0,1.0071428571428578,0.6714285714285718,1.5
208,208,gSCR-GERSH-1.0,1.0013461538461539,0.6675641025641026,1.5
209,209,gSCR-GERSH-1.0,1.0013461538461539,0.6675641025641026,1.5
210,210,gSCR-GERSH-1.0,1.0013461538461534,0.6675641025641023,1.5
211,211,gSCR-GERSH-1.0,1.0013461538461543,0.6675641025641029,1.5
212,212,gSCR-GERSH-1.0,1.0178550348595978,0.6785700232397319,1.5
213,213,gSCR-GERSH-1.0,1.0178550348595972,0.6785700232397315,1.5
214,214,gSCR-GERSH-1.0,1.007142857142857,0.6714285714285713,1.5
215,215,gSCR-GERSH-1.0,1.0071428571428571,0.6714285714285714,1.5
216,216,gSCR-GERSH-1.0,1.007142857142857,0.6714285714285713,1.5
217,217,gSCR-GERSH-1.0,1.0071428571428571,0.6714285714285714,1.5
218,218,gSCR-GERSH-1.0,1.0071428571428565,0.6714285714285709,1.5
219,219,gSCR-GERSH-1.0,1.0071428571428571,0.6714285714285714,1.5
220,220,gSCR-GERSH-1.0,1.0071428571428562,0.6714285714285708,1.5
221,221,gSCR-GERSH-1.0,1.0175025481079392,0.6783350320719594,1.5
222,222,gSCR-GERSH-1.0,1.005938693767751,0.6706257958451673,1.5
223,223,gSCR-GERSH-1.0,1.007142857142857,0.6714285714285713,1.5
224,224,gSCR-GERSH-1.0,1.007142857142857,0.6714285714285713,1.5
225,225,gSCR-GERSH-1.0,1.007142857142857,0.6714285714285713,1.5
226,226,gSCR-GERSH-1.0,1.0071428571428567,0.6714285714285712,1.5
227,227,gSCR-GERSH-1.0,1.0013461538461546,0.667564102564103,1.5
228,228,gSCR-GERSH-1.0,1.0013461538461537,0.6675641025641025,1.5
229,229,gSCR-GERSH-1.0,1.0013461538461539,0.6675641025641026,1.5
230,230,gSCR-GERSH-1.0,1.0071428571428562,0.6714285714285708,1.5
231,231,gSCR-GERSH-1.0,1.0013461538461543,0.6675641025641029,1.5
232,232,gSCR-GERSH-1.0,1.001346153846153,0.667564102564102,1.5
233,233,gSCR-GERSH-1.0,1.0178550348595978,0.6785700232397319,1.5
234,234,gSCR-GERSH-1.0,1.021390734726693,0.680927156484462,1.5
235,235,gSCR-GERSH-1.0,1.0013461538461534,0.6675641025641023,1.5
236,236,gSCR-GERSH-1.0,1.0071428571428578,0.6714285714285718,1.5
237,237,gSCR-GERSH-1.0,1.0071428571428556,0.6714285714285704,1.5
238,238,gSCR-GERSH-1.0,1.0013461538461543,0.6675641025641029,1.5
239,239,gSCR-GERSH-1.0,1.0013461538461534,0.6675641025641023,1.5
240,240,gSCR-GERSH-1.0,1.0013461538461539,0.6675641025641026,1.5
241,241,gSCR-GERSH-1.0,1.0071428571428578,0.6714285714285718,1.5
242,242,gSCR-GERSH-1.0,1.0174027877458027,0.6782685251638685,1.5
243,243,gSCR-GERSH-1.0,1.0013461538461539,0.6675641025641026,1.5
244,244,gSCR-GERSH-1.0,1.0071428571428584,0.6714285714285723,1.5
245,245,gSCR-GERSH-1.0,1.007142857142857,0.6714285714285713,1.5
246,246,gSCR-GERSH-1.0,1.0178550348595978,0.6785700232397319,1.5
247,247,gSCR-GERSH-1.0,1.0013461538461537,0.6675641025641025,1.5
248,248,gSCR-GERSH-1.0,1.001346153846153,0.667564102564102,1.5
249,249,gSCR-GERSH-1.0,1.0013461538461543,0.6675641025641029,1.5
250,250,gSCR-GERSH-1.0,1.001346153846155,0.6675641025641034,1.5
251,251,gSCR-GERSH-1.0,1.0013461538461546,0.667564102564103,1.5
252,252,gSCR-GERSH-1.0,1.0013461538461532,0.6675641025641021,1.5
253,253,gSCR-GERSH-1.0,1.0071428571428571,0.6714285714285714,1.5
254,254,gSCR-GERSH-1.0,1.0013461538461539,0.6675641025641026,1.5
255,255,gSCR-GERSH-1.0,1.0013461538461546,0.667564102564103,1.5
256,256,gSCR-GERSH-1.0,1.0013461538461539,0.6675641025641026,1.5
257,257,gSCR-GERSH-1.0,1.0013461538461534,0.6675641025641023,1.5
258,258,gSCR-GERSH-1.0,1.001346153846154,0.6675641025641027,1.5
259,259,gSCR-GERSH-1.0,1.0013461538461532,0.6675641025641021,1.5
260,260,gSCR-GERSH-1.0,1.0013461538461546,0.667564102564103,1.5
261,261,gSCR-GERSH-1.0,1.0013461538461532,0.6675641025641021,1.5
262,262,gSCR-GERSH-1.0,1.0013461538461548,0.6675641025641031,1.5
263,263,gSCR-GERSH-1.0,1.0013461538461539,0.6675641025641026,1.5
264,264,gSCR-GERSH-1.0,1.0013461538461546,0.667564102564103,1.5
265,265,gSCR-GERSH-1.0,1.0071428571428567,0.6714285714285712,1.5
266,266,gSCR-GERSH-1.0,1.007142857142857,0.6714285714285713,1.5
267,267,gSCR-GERSH-1.0,1.0013461538461546,0.667564102564103,1.5
268,268,gSCR-GERSH-1.0,1.0071428571428558,0.6714285714285705,1.5
269,269,gSCR-GERSH-1.0,1.0151214558368562,0.6767476372245708,1.5
270,270,gSCR-GERSH-1.0,1.0071428571428571,0.6714285714285714,1.5
271,271,gSCR-GERSH-1.0,1.0013461538461537,0.6675641025641025,1.5
272,272,gSCR-GERSH-1.0,1.001346153846154,0.6675641025641027,1.5
273,273,gSCR-GERSH-1.0,1.0013461538461557,0.6675641025641038,1.5
274,274,gSCR-GERSH-1.0,1.0013461538461539,0.6675641025641026,1.5
275,275,gSCR-GERSH-1.0,1.0013461538461534,0.6675641025641023,1.5
276,276,gSCR-GERSH-1.0,1.0071428571428571,0.6714285714285714,1.5
277,277,gSCR-GERSH-1.0,1.0058114472652948,0.6705409648435299,1.5
278,278,gSCR-GERSH-1.0,1.0013461538461539,0.6675641025641026,1.5
279,279,gSCR-GERSH-1.0,1.0013461538461546,0.667564102564103,1.5
280,280,gSCR-GERSH-1.0,1.0013461538461548,0.6675641025641031,1.5
281,281,gSCR-GERSH-1.0,1.0013461538461537,0.6675641025641025,1.5
282,282,gSCR-GERSH-1.0,1.0036097403089381,0.6690731602059588,1.5
283,283,gSCR-GERSH-1.0,1.0013461538461543,0.6675641025641029,1.5
284,284,gSCR-GERSH-1.0,1.0013461538461543,0.6675641025641029,1.5
285,285,gSCR-GERSH-1.0,1.0071428571428562,0.6714285714285708,1.5
286,286,gSCR-GERSH-1.0,1.0013461538461537,0.6675641025641025,1.5
287,287,gSCR-GERSH-1.0,1.0013461538461532,0.6675641025641021,1.5
288,288,gSCR-GERSH-1.0,1.0158880518646867,0.6772587012431245,1.5
289,289,gSCR-GERSH-1.0,1.0013461538461539,0.6675641025641026,1.5
290,290,gSCR-GERSH-1.0,1.0013461538461532,0.6675641025641021,1.5
291,291,gSCR-GERSH-1.0,1.016238112393911,0.677492074929274,1.5
292,292,gSCR-GERSH-1.0,1.0071428571428602,0.6714285714285735,1.5
293,293,gSCR-GERSH-1.0,1.0013461538461539,0.6675641025641026,1.5
294,294,gSCR-GERSH-1.0,1.0013461538461534,0.6675641025641023,1.5
295,295,gSCR-GERSH-1.0,1.0013461538461539,0.6675641025641026,1.5
296,296,gSCR-GERSH-1.0,1.0013461538461546,0.667564102564103,1.5
297,297,gSCR-GERSH-1.0,1.0013461538461539,0.6675641025641026,1.5
298,298,gSCR-GERSH-1.0,1.0013461538461537,0.6675641025641025,1.5
299,299,gSCR-GERSH-1.0,1.0013461538461532,0.6675641025641021,1.5
300,300,gSCR-GERSH-1.0,1.0013461538461543,0.6675641025641029,1.5
301,301,gSCR-GERSH-1.0,1.001346153846154,0.6675641025641027,1.5
302,302,gSCR-GERSH-1.0,1.001346153846153,0.667564102564102,1.5
303,303,gSCR-GERSH-1.0,1.0013461538461548,0.6675641025641031,1.5
304,304,gSCR-GERSH-1.0,1.0013461538461532,0.6675641025641021,1.5
305,305,gSCR-GERSH-1.0,1.0013461538461548,0.6675641025641031,1.5
306,306,gSCR-GERSH-1.0,1.0013461538461543,0.6675641025641029,1.5
307,307,gSCR-GERSH-1.0,1.0013461538461537,0.6675641025641025,1.5
308,308,gSCR-GERSH-1.0,1.0013461538461543,0.6675641025641029,1.5
309,309,gSCR-GERSH-1.0,1.001346153846155,0.6675641025641034,1.5
310,310,gSCR-GERSH-1.0,1.001346153846153,0.667564102564102,1.5
311,311,gSCR-GERSH-1.0,1.0013461538461534,0.6675641025641023,1.5
312,312,gSCR-GERSH-1.0,1.007060706242308,0.6713738041615387,1.5
313,313,gSCR-GERSH-1.0,1.0013461538461546,0.667564102564103,1.5
314,314,gSCR-GERSH-1.0,1.0071428571428558,0.6714285714285705,1.5
315,315,gSCR-GERSH-1.0,1.015323023565104,0.6768820157100693,1.5
316,316,gSCR-GERSH-1.0,1.0071428571428565,0.6714285714285709,1.5
317,317,gSCR-GERSH-1.0,1.0071428571428571,0.6714285714285714,1.5
318,318,gSCR-GERSH-1.0,1.0066584632307365,0.6711056421538243,1.5
319,319,gSCR-GERSH-1.0,1.0035908405512592,0.6690605603675062,1.5
320,320,gSCR-GERSH-1.0,1.0013461538461534,0.6675641025641023,1.5
321,321,gSCR-GERSH-1.0,1.001346153846153,0.667564102564102,1.5
322,322,gSCR-GERSH-1.0,1.0013461538461539,0.6675641025641026,1.5
323,323,gSCR-GERSH-1.0,1.0013461538461543,0.6675641025641029,1.5
324,324,gSCR-GERSH-1.0,1.0013461538461537,0.6675641025641025,1.5
325,325,gSCR-GERSH-1.0,1.001346153846154,0.6675641025641027,1.5
326,326,gSCR-GERSH-1.0,1.0013461538461534,0.6675641025641023,1.5
327,327,gSCR-GERSH-1.0,1.0013461538461539,0.6675641025641026,1.5
328,328,gSCR-GERSH-1.0,1.0013461538461546,0.667564102564103,1.5
329,329,gSCR-GERSH-1.0,1.0013461538461566,0.6675641025641044,1.5
330,330,gSCR-GERSH-1.0,1.0013461538461548,0.6675641025641031,1.5
331,331,gSCR-GERSH-1.0,1.0013461538461554,0.6675641025641036,1.5
332,332,gSCR-GERSH-1.0,1.0013461538461548,0.6675641025641031,1.5
333,333,gSCR-GERSH-1.0,1.0071428571428578,0.6714285714285718,1.5
334,334,gSCR-GERSH-1.0,1.007142857142857,0.6714285714285713,1.5
335,335,gSCR-GERSH-1.0,1.0071428571428578,0.6714285714285718,1.5
336,336,gSCR-GERSH-1.0,1.007142857142853,0.6714285714285686,1.5
1,1,gSCR-GERSH-1.5,1.5069692515867361,1.0046461677244907,1.5
2,2,gSCR-GERSH-1.5,1.5019444444444434,1.0012962962962957,1.5
3,3,gSCR-GERSH-1.5,1.5060308246673975,1.004020549778265,1.5
4,4,gSCR-GERSH-1.5,1.5019444444444432,1.0012962962962955,1.5
5,5,gSCR-GERSH-1.5,1.5019444444444432,1.0012962962962955,1.5
6,6,gSCR-GERSH-1.5,1.500892857142858,1.0005952380952385,1.5
7,7,gSCR-GERSH-1.5,1.500892857142857,1.000595238095238,1.5
8,8,gSCR-GERSH-1.5,1.5019444444444447,1.0012962962962966,1.5
9,9,gSCR-GERSH-1.5,1.5008928571428584,1.000595238095239,1.5
10,10,gSCR-GERSH-1.5,1.500892857142857,1.000595238095238,1.5
11,11,gSCR-GERSH-1.5,1.4999999999999998,0.9999999999999999,1.5
12,12,gSCR-GERSH-1.5,1.5019444444444447,1.0012962962962966,1.5
13,13,gSCR-GERSH-1.5,1.501944444444443,1.0012962962962952,1.5
14,14,gSCR-GERSH-1.5,1.5000000000000009,1.0000000000000007,1.5
15,15,gSCR-GERSH-1.5,1.5008928571428573,1.000595238095238,1.5
16,16,gSCR-GERSH-1.5,1.501944444444443,1.0012962962962952,1.5
17,17,gSCR-GERSH-1.5,1.4999999999999993,0.9999999999999996,1.5
18,18,gSCR-GERSH-1.5,1.500892857142857,1.000595238095238,1.5
19,19,gSCR-GERSH-1.5,1.5008928571428577,1.0005952380952385,1.5
20,20,gSCR-GERSH-1.5,1.501944444444444,1.0012962962962961,1.5
21,21,gSCR-GERSH-1.5,1.5019444444444447,1.0012962962962966,1.5
22,22,gSCR-GERSH-1.5,1.5019444444444434,1.0012962962962957,1.5
23,23,gSCR-GERSH-1.5,1.5055517190996057,1.0037011460664038,1.5
24,24,gSCR-GERSH-1.5,1.5019444444444443,1.0012962962962961,1.5
25,25,gSCR-GERSH-1.5,1.5019444444444445,1.0012962962962964,1.5
26,26,gSCR-GERSH-1.5,1.5180563112227332,1.0120375408151554,1.5
27,27,gSCR-GERSH-1.5,1.5055517190996055,1.0037011460664036,1.5
28,28,gSCR-GERSH-1.5,1.5008928571428566,1.0005952380952376,1.5
29,29,gSCR-GERSH-1.5,1.5198625533744423,1.0132417022496283,1.5
30,30,gSCR-GERSH-1.5,1.5059426059348,1.0039617372898666,1.5
31,31,gSCR-GERSH-1.5,1.501944444444446,1.0012962962962975,1.5
32,32,gSCR-GERSH-1.5,1.501944444444443,1.0012962962962952,1.5
33,33,gSCR-GERSH-1.5,1.5019444444444445,1.0012962962962964,1.5
34,34,gSCR-GERSH-1.5,1.5061342636489916,1.0040895090993278,1.5
35,35,gSCR-GERSH-1.5,1.5019444444444443,1.0012962962962961,1.5
36,36,gSCR-GERSH-1.5,1.501944444444445,1.0012962962962966,1.5
37,37,gSCR-GERSH-1.5,1.5019444444444454,1.001296296296297,1.5
38,38,gSCR-GERSH-1.5,1.5008928571428575,1.0005952380952383,1.5
39,39,gSCR-GERSH-1.5,1.5008928571428573,1.000595238095238,1.5
40,40,gSCR-GERSH-1.5,1.5019444444444445,1.0012962962962964,1.5
41,41,gSCR-GERSH-1.5,1.5019444444444443,1.0012962962962961,1.5
42,42,gSCR-GERSH-1.5,1.5043833659635626,1.0029222439757084,1.5
43,43,gSCR-GERSH-1.5,1.5019444444444434,1.0012962962962957,1.5
44,44,gSCR-GERSH-1.5,1.5019444444444408,1.001296296296294,1.5
45,45,gSCR-GERSH-1.5,1.501944444444446,1.0012962962962975,1.5
46,46,gSCR-GERSH-1.5,1.501944444444444,1.0012962962962961,1.5
47,47,gSCR-GERSH-1.5,1.5019444444444439,1.001296296296296,1.5
48,48,gSCR-GERSH-1.5,1.500892857142856,1.0005952380952372,1.5
49,49,gSCR-GERSH-1.5,1.5019444444444443,1.0012962962962961,1.5
50,50,gSCR-GERSH-1.5,1.5060507192176418,1.0040338128117612,1.5
51,51,gSCR-GERSH-1.5,1.5008928571428584,1.000595238095239,1.5
52,52,gSCR-GERSH-1.5,1.5019444444444439,1.001296296296296,1.5
53,53,gSCR-GERSH-1.5,1.5060778489757563,1.0040518993171708,1.5
54,54,gSCR-GERSH-1.5,1.5019444444444443,1.0012962962962961,1.5
55,55,gSCR-GERSH-1.5,1.5019444444444425,1.001296296296295,1.5
56,56,gSCR-GERSH-1.5,1.5262316567851681,1.017487771190112,1.5
57,57,gSCR-GERSH-1.5,1.5019444444444445,1.0012962962962964,1.5
58,58,gSCR-GERSH-1.5,1.5109733828884897,1.0073155885923264,1.5
59,59,gSCR-GERSH-1.5,1.5008928571428586,1.000595238095239,1.5
60,60,gSCR-GERSH-1.5,1.5008928571428655,1.0005952380952436,1.5
61,61,gSCR-GERSH-1.5,1.5019444444444439,1.001296296296296,1.5
62,62,gSCR-GERSH-1.5,1.501944444444443,1.0012962962962952,1.5
63,63,gSCR-GERSH-1.5,1.5058862952897694,1.0039241968598462,1.5
64,64,gSCR-GERSH-1.5,1.500892857142855,1.0005952380952368,1.5
65,65,gSCR-GERSH-1.5,1.501944444444445,1.0012962962962966,1.5
66,66,gSCR-GERSH-1.5,1.5000000000000007,1.0000000000000004,1.5
67,67,gSCR-GERSH-1.5,1.5048524350047439,1.0032349566698293,1.5
68,68,gSCR-GERSH-1.5,1.5019444444444452,1.0012962962962968,1.5
69,69,gSCR-GERSH-1.5,1.5019444444444443,1.0012962962962961,1.5
70,70,gSCR-GERSH-1.5,1.5019444444444443,1.0012962962962961,1.5
71,71,gSCR-GERSH-1.5,1.5008928571428584,1.000595238095239,1.5
72,72,gSCR-GERSH-1.5,1.500892857142856,1.0005952380952372,1.5
73,73,gSCR-GERSH-1.5,1.5019444444444472,1.0012962962962981,1.5
74,74,gSCR-GERSH-1.5,1.5059958137729992,1.0039972091819995,1.5
75,75,gSCR-GERSH-1.5,1.501944444444445,1.0012962962962966,1.5
76,76,gSCR-GERSH-1.5,1.5008928571428577,1.0005952380952385,1.5
77,77,gSCR-GERSH-1.5,1.5019444444444432,1.0012962962962955,1.5
78,78,gSCR-GERSH-1.5,1.5045335375744386,1.0030223583829592,1.5
79,79,gSCR-GERSH-1.5,1.5019444444444436,1.0012962962962957,1.5
80,80,gSCR-GERSH-1.5,1.5019444444444432,1.0012962962962955,1.5
81,81,gSCR-GERSH-1.5,1.5008928571428586,1.000595238095239,1.5
82,82,gSCR-GERSH-1.5,1.5019444444444447,1.0012962962962966,1.5
83,83,gSCR-GERSH-1.5,1.5019444444444445,1.0012962962962964,1.5
84,84,gSCR-GERSH-1.5,1.500892857142858,1.0005952380952385,1.5
85,85,gSCR-GERSH-1.5,1.5019444444444443,1.0012962962962961,1.5
86,86,gSCR-GERSH-1.5,1.501944444444444,1.0012962962962961,1.5
87,87,gSCR-GERSH-1.5,1.5019444444444436,1.0012962962962957,1.5
88,88,gSCR-GERSH-1.5,1.5008928571428577,1.0005952380952385,1.5
89,89,gSCR-GERSH-1.5,1.5008928571428573,1.000595238095238,1.5
90,90,gSCR-GERSH-1.5,1.501944444444445,1.0012962962962966,1.5
91,91,gSCR-GERSH-1.5,1.5008928571428588,1.0005952380952392,1.5
92,92,gSCR-GERSH-1.5,1.5008928571428586,1.000595238095239,1.5
93,93,gSCR-GERSH-1.5,1.5019444444444445,1.0012962962962964,1.5
94,94,gSCR-GERSH-1.5,1.5019444444444445,1.0012962962962964,1.5
95,95,gSCR-GERSH-1.5,1.501944444444444,1.0012962962962961,1.5
96,96,gSCR-GERSH-1.5,1.5019444444444439,1.001296296296296,1.5
97,97,gSCR-GERSH-1.5,1.505785075539009,1.003856717026006,1.5
98,98,gSCR-GERSH-1.5,1.5019444444444447,1.0012962962962966,1.5
99,99,gSCR-GERSH-1.5,1.5055517190996053,1.0037011460664036,1.5
100,100,gSCR-GERSH-1.5,1.5119702881040604,1.0079801920693736,1.5
101,101,gSCR-GERSH-1.5,1.5008928571428588,1.0005952380952392,1.5
102,102,gSCR-GERSH-1.5,1.5008928571428568,1.0005952380952379,1.5
103,103,gSCR-GERSH-1.5,1.5019444444444447,1.0012962962962966,1.5
104,104,gSCR-GERSH-1.5,1.5019444444444436,1.0012962962962957,1.5
105,105,gSCR-GERSH-1.5,1.5,1.0,1.5
106,106,gSCR-GERSH-1.5,1.50189468758169,1.0012631250544601,1.5
107,107,gSCR-GERSH-1.5,1.501944444444445,1.0012962962962966,1.5
108,108,gSCR-GERSH-1.5,1.5019444444444439,1.001296296296296,1.5
109,109,gSCR-GERSH-1.5,1.4999999999999998,0.9999999999999999,1.5
110,110,gSCR-GERSH-1.5,1.5008928571428586,1.000595238095239,1.5
111,111,gSCR-GERSH-1.5,1.5019444444444443,1.0012962962962961,1.5
112,112,gSCR-GERSH-1.5,1.5008928571428573,1.000595238095238,1.5
113,113,gSCR-GERSH-1.5,1.5019444444444445,1.0012962962962964,1.5
114,114,gSCR-GERSH-1.5,1.5000000000000002,1.0000000000000002,1.5
115,115,gSCR-GERSH-1.5,1.5000000000000002,1.0000000000000002,1.5
116,116,gSCR-GERSH-1.5,1.5019444444444443,1.0012962962962961,1.5
117,117,gSCR-GERSH-1.5,1.501944444444442,1.0012962962962948,1.5
118,118,gSCR-GERSH-1.5,1.5008928571428575,1.0005952380952383,1.5
119,119,gSCR-GERSH-1.5,1.5019444444444454,1.001296296296297,1.5
120,120,gSCR-GERSH-1.5,1.5019444444444436,1.0012962962962957,1.5
121,121,gSCR-GERSH-1.5,1.501944444444445,1.0012962962962966,1.5
122,122,gSCR-GERSH-1.5,1.5019444444444443,1.0012962962962961,1.5
123,123,gSCR-GERSH-1.5,1.5060651989670986,1.0040434659780657,1.5
124,124,gSCR-GERSH-1.5,1.5059672151755346,1.0039781434503563,1.5
125,125,gSCR-GERSH-1.5,1.5061236681448487,1.004082445429899,1.5
126,126,gSCR-GERSH-1.5,1.5105826406776655,1.0070550937851104,1.5
127,127,gSCR-GERSH-1.5,1.5008928571428575,1.0005952380952383,1.5
128,128,gSCR-GERSH-1.5,1.5019444444444459,1.0012962962962972,1.5
129,129,gSCR-GERSH-1.5,1.5008928571428584,1.000595238095239,1.5
130,130,gSCR-GERSH-1.5,1.5019444444444443,1.0012962962962961,1.5
131,131,gSCR-GERSH-1.5,1.501944444444444,1.0012962962962961,1.5
132,132,gSCR-GERSH-1.5,1.500892857142857,1.000595238095238,1.5
133,133,gSCR-GERSH-1.5,1.499999999999999,0.9999999999999992,1.5
134,134,gSCR-GERSH-1.5,1.500892857142858,1.0005952380952385,1.5
135,135,gSCR-GERSH-1.5,1.5008928571428568,1.0005952380952379,1.5
136,136,gSCR-GERSH-1.5,1.501944444444444,1.0012962962962961,1.5
137,137,gSCR-GERSH-1.5,1.5019444444444456,1.001296296296297,1.5
138,138,gSCR-GERSH-1.5,1.5008928571428573,1.000595238095238,1.5
139,139,gSCR-GERSH-1.5,1.5008928571428561,1.0005952380952374,1.5
140,140,gSCR-GERSH-1.5,1.5052782860918357,1.003518857394557,1.5
141,141,gSCR-GERSH-1.5,1.5019444444444447,1.0012962962962966,1.5
142,142,gSCR-GERSH-1.5,1.501944444444444,1.0012962962962961,1.5
143,143,gSCR-GERSH-1.5,1.5019444444444452,1.0012962962962968,1.5
144,144,gSCR-GERSH-1.5,1.5061604355037261,1.004106957002484,1.5
145,145,gSCR-GERSH-1.5,1.5019444444444443,1.0012962962962961,1.5
146,146,gSCR-GERSH-1.5,1.5062335890934144,1.0041557260622762,1.5
147,147,gSCR-GERSH-1.5,1.501944444444443,1.0012962962962952,1.5
148,148,gSCR-GERSH-1.5,1.5055517190996053,1.0037011460664036,1.5
149,149,gSCR-GERSH-1.5,1.5059813018597472,1.0039875345731648,1.5
150,150,gSCR-GERSH-1.5,1.5008928571428573,1.000595238095238,1.5
151,151,gSCR-GERSH-1.5,1.5008928571428577,1.0005952380952385,1.5
152,152,gSCR-GERSH-1.5,1.5008928571428581,1.0005952380952388,1.5
153,153,gSCR-GERSH-1.5,1.5019444444444439,1.001296296296296,1.5
154,154,gSCR-GERSH-1.5,1.4999999999999984,0.999999999999999,1.5
155,155,gSCR-GERSH-1.5,1.5019444444444447,1.0012962962962966,1.5
156,156,gSCR-GERSH-1.5,1.500892857142857,1.000595238095238,1.5
157,157,gSCR-GERSH-1.5,1.5008928571428573,1.000595238095238,1.5
158,158,gSCR-GERSH-1.5,1.5008928571428568,1.0005952380952379,1.5
159,159,gSCR-GERSH-1.5,1.5019444444444465,1.0012962962962977,1.5
160,160,gSCR-GERSH-1.5,1.5019444444444454,1.001296296296297,1.5
161,161,gSCR-GERSH-1.5,1.5019444444444447,1.0012962962962966,1.5
162,162,gSCR-GERSH-1.5,1.5008928571428564,1.0005952380952376,1.5
163,163,gSCR-GERSH-1.5,1.5008928571428586,1.000595238095239,1.5
164,164,gSCR-GERSH-1.5,1.501944444444446,1.0012962962962975,1.5
165,165,gSCR-GERSH-1.5,1.5019444444444447,1.0012962962962966,1.5
166,166,gSCR-GERSH-1.5,1.5019444444444447,1.0012962962962966,1.5
167,167,gSCR-GERSH-1.5,1.501944444444444,1.0012962962962961,1.5
168,168,gSCR-GERSH-1.5,1.5061162782073887,1.0040775188049258,1.5
169,169,gSCR-GERSH-1.5,1.5031092945827413,1.002072863055161,1.5
170,170,gSCR-GERSH-1.5,1.5019444444444452,1.0012962962962968,1.5
171,171,gSCR-GERSH-1.5,1.5008928571428575,1.0005952380952383,1.5
172,172,gSCR-GERSH-1.5,1.5065313928558448,1.0043542619038965,1.5
173,173,gSCR-GERSH-1.5,1.5051492819678423,1.0034328546452282,1.5
174,174,gSCR-GERSH-1.5,1.504416636955323,1.002944424636882,1.5
175,175,gSCR-GERSH-1.5,1.5019444444444445,1.0012962962962964,1.5
176,176,gSCR-GERSH-1.5,1.501944444444445,1.0012962962962966,1.5
177,177,gSCR-GERSH-1.5,1.5019444444444447,1.0012962962962966,1.5
178,178,gSCR-GERSH-1.5,1.5008928571428581,1.0005952380952388,1.5
179,179,gSCR-GERSH-1.5,1.5008928571428561,1.0005952380952374,1.5
180,180,gSCR-GERSH-1.5,1.5008928571428577,1.0005952380952385,1.5
181,181,gSCR-GERSH-1.5,1.5019444444444439,1.001296296296296,1.5
182,182,gSCR-GERSH-1.5,1.5061284945661473,1.0040856630440982,1.5
183,183,gSCR-GERSH-1.5,1.5008928571428577,1.0005952380952385,1.5
184,184,gSCR-GERSH-1.5,1.500892857142859,1.0005952380952394,1.5
185,185,gSCR-GERSH-1.5,1.5055517190996046,1.0037011460664031,1.5
186,186,gSCR-GERSH-1.5,1.5000000000000007,1.0000000000000004,1.5
187,187,gSCR-GERSH-1.5,1.5019444444444445,1.0012962962962964,1.5
188,188,gSCR-GERSH-1.5,1.5019444444444445,1.0012962962962964,1.5
189,189,gSCR-GERSH-1.5,1.5062227780933009,1.0041485187288672,1.5
190,190,gSCR-GERSH-1.5,1.5019444444444427,1.0012962962962952,1.5
191,191,gSCR-GERSH-1.5,1.5049011871438889,1.003267458095926,1.5
192,192,gSCR-GERSH-1.5,1.5019444444444463,1.0012962962962975,1.5
193,193,gSCR-GERSH-1.5,1.506063092288267,1.0040420615255112,1.5
194,194,gSCR-GERSH-1.5,1.5008928571428568,1.0005952380952379,1.5
195,195,gSCR-GERSH-1.5,1.5019444444444443,1.0012962962962961,1.5
196,196,gSCR-GERSH-1.5,1.5008928571428575,1.0005952380952383,1.5
197,197,gSCR-GERSH-1.5,1.5060882209123694,1.0040588139415796,1.5
198,198,gSCR-GERSH-1.5,1.5057831762829792,1.0038554508553195,1.5
199,199,gSCR-GERSH-1.5,1.5008928571428566,1.0005952380952376,1.5
200,200,gSCR-GERSH-1.5,1.5019444444444425,1.001296296296295,1.5
201,201,gSCR-GERSH-1.5,1.501944444444443,1.0012962962962952,1.5
202,202,gSCR-GERSH-1.5,1.500000000000001,1.0000000000000007,1.5
203,203,gSCR-GERSH-1.5,1.5019444444444447,1.0012962962962966,1.5
204,204,gSCR-GERSH-1.5,1.501944444444444,1.0012962962962961,1.5
205,205,gSCR-GERSH-1.5,1.501944444444443,1.0012962962962952,1.5
206,206,gSCR-GERSH-1.5,1.5119702881040604,1.0079801920693736,1.5
207,207,gSCR-GERSH-1.5,1.506006532344392,1.0040043548962614,1.5
208,208,gSCR-GERSH-1.5,1.5019444444444452,1.0012962962962968,1.5
209,209,gSCR-GERSH-1.5,1.501944444444444,1.0012962962962961,1.5
210,210,gSCR-GERSH-1.5,1.5019444444444436,1.0012962962962957,1.5
211,211,gSCR-GERSH-1.5,1.5008928571428577,1.0005952380952385,1.5
212,212,gSCR-GERSH-1.5,1.501944444444443,1.0012962962962952,1.5
213,213,gSCR-GERSH-1.5,1.5065313928558435,1.0043542619038957,1.5
214,214,gSCR-GERSH-1.5,1.5019444444444445,1.0012962962962964,1.5
215,215,gSCR-GERSH-1.5,1.50590471802643,1.0039364786842866,1.5
216,216,gSCR-GERSH-1.5,1.5019444444444452,1.0012962962962968,1.5
217,217,gSCR-GERSH-1.5,1.5065313928558444,1.0043542619038963,1.5
218,218,gSCR-GERSH-1.5,1.501944444444444,1.0012962962962961,1.5
219,219,gSCR-GERSH-1.5,1.5124160430713582,1.0082773620475722,1.5
220,220,gSCR-GERSH-1.5,1.5154345393944022,1.0102896929296015,1.5
221,221,gSCR-GERSH-1.5,1.5019444444444436,1.0012962962962957,1.5
222,222,gSCR-GERSH-1.5,1.500892857142858,1.0005952380952385,1.5
223,223,gSCR-GERSH-1.5,1.5019444444444443,1.0012962962962961,1.5
224,224,gSCR-GERSH-1.5,1.5019444444444452,1.0012962962962968,1.5
225,225,gSCR-GERSH-1.5,1.5062467524071816,1.0041645016047878,1.5
226,226,gSCR-GERSH-1.5,1.507865007158639,1.0052433381057593,1.5
227,227,gSCR-GERSH-1.5,1.5019444444444447,1.0012962962962966,1.5
228,228,gSCR-GERSH-1.5,1.5019444444444443,1.0012962962962961,1.5
229,229,gSCR-GERSH-1.5,1.501944444444445,1.0012962962962966,1.5
230,230,gSCR-GERSH-1.5,1.5019444444444443,1.0012962962962961,1.5
231,231,gSCR-GERSH-1.5,1.5019444444444443,1.0012962962962961,1.5
232,232,gSCR-GERSH-1.5,1.5206343228202648,1.0137562152135098,1.5
233,233,gSCR-GERSH-1.5,1.5019444444444416,1.0012962962962944,1.5
234,234,gSCR-GERSH-1.5,1.5019444444444454,1.001296296296297,1.5
235,235,gSCR-GERSH-1.5,1.5077275711995979,1.0051517141330653,1.5
236,236,gSCR-GERSH-1.5,1.5019444444444434,1.0012962962962957,1.5
237,237,gSCR-GERSH-1.5,1.5019444444444445,1.0012962962962964,1.5
238,238,gSCR-GERSH-1.5,1.5019444444444432,1.0012962962962955,1.5
239,239,gSCR-GERSH-1.5,1.5055517190996055,1.0037011460664036,1.5
240,240,gSCR-GERSH-1.5,1.5019444444444454,1.001296296296297,1.5
241,241,gSCR-GERSH-1.5,1.501944444444444,1.0012962962962961,1.5
242,242,gSCR-GERSH-1.5,1.506207944316521,1.0041386295443473,1.5
243,243,gSCR-GERSH-1.5,1.5054584829717668,1.0036389886478445,1.5
244,244,gSCR-GERSH-1.5,1.5008928571428575,1.0005952380952383,1.5
245,245,gSCR-GERSH-1.5,1.5019444444444443,1.0012962962962961,1.5
246,246,gSCR-GERSH-1.5,1.5059951825409124,1.0039967883606082,1.5
247,247,gSCR-GERSH-1.5,1.5008928571428566,1.0005952380952376,1.5
248,248,gSCR-GERSH-1.5,1.5019444444444434,1.0012962962962957,1.5
249,249,gSCR-GERSH-1.5,1.5008928571428575,1.0005952380952383,1.5
250,250,gSCR-GERSH-1.5,1.5019444444444434,1.0012962962962957,1.5
251,251,gSCR-GERSH-1.5,1.5019444444444447,1.0012962962962966,1.5
252,252,gSCR-GERSH-1.5,1.5008928571428575,1.0005952380952383,1.5
253,253,gSCR-GERSH-1.5,1.5008928571428573,1.000595238095238,1.5
254,254,gSCR-GERSH-1.5,1.5008928571428586,1.000595238095239,1.5
255,255,gSCR-GERSH-1.5,1.5008928571428568,1.0005952380952379,1.5
256,256,gSCR-GERSH-1.5,1.5019444444444443,1.0012962962962961,1.5
257,257,gSCR-GERSH-1.5,1.5019444444444447,1.0012962962962966,1.5
258,258,gSCR-GERSH-1.5,1.5019444444444452,1.0012962962962968,1.5
259,259,gSCR-GERSH-1.5,1.501944444444444,1.0012962962962961,1.5
260,260,gSCR-GERSH-1.5,1.5000000000000009,1.0000000000000007,1.5
261,261,gSCR-GERSH-1.5,1.5019444444444439,1.001296296296296,1.5
262,262,gSCR-GERSH-1.5,1.5008928571428581,1.0005952380952388,1.5
263,263,gSCR-GERSH-1.5,1.5019444444444439,1.001296296296296,1.5
264,264,gSCR-GERSH-1.5,1.5008928571428568,1.0005952380952379,1.5
265,265,gSCR-GERSH-1.5,1.5188225532641615,1.0125483688427743,1.5
266,266,gSCR-GERSH-1.5,1.5119702881040595,1.007980192069373,1.5
267,267,gSCR-GERSH-1.5,1.5034492645601845,1.0022995097067897,1.5
268,268,gSCR-GERSH-1.5,1.5019444444444492,1.0012962962962995,1.5
269,269,gSCR-GERSH-1.5,1.5156017301089977,1.0104011534059985,1.5
270,270,gSCR-GERSH-1.5,1.5049225383862683,1.0032816922575123,1.5
271,271,gSCR-GERSH-1.5,1.5008928571428557,1.0005952380952372,1.5
272,272,gSCR-GERSH-1.5,1.500892857142858,1.0005952380952385,1.5
273,273,gSCR-GERSH-1.5,1.5008928571428577,1.0005952380952385,1.5
274,274,gSCR-GERSH-1.5,1.5000000000000007,1.0000000000000004,1.5
275,275,gSCR-GERSH-1.5,1.5019444444444436,1.0012962962962957,1.5
276,276,gSCR-GERSH-1.5,1.5019444444444447,1.0012962962962966,1.5
277,277,gSCR-GERSH-1.5,1.5008928571428575,1.0005952380952383,1.5
278,278,gSCR-GERSH-1.5,1.4999999999999996,0.9999999999999997,1.5
279,279,gSCR-GERSH-1.5,1.5000000000000004,1.0000000000000002,1.5
280,280,gSCR-GERSH-1.5,1.5008928571428584,1.000595238095239,1.5
281,281,gSCR-GERSH-1.5,1.4999999999999984,0.999999999999999,1.5
282,282,gSCR-GERSH-1.5,1.501944444444444,1.0012962962962961,1.5
283,283,gSCR-GERSH-1.5,1.5008928571428577,1.0005952380952385,1.5
284,284,gSCR-GERSH-1.5,1.5008928571428561,1.0005952380952374,1.5
285,285,gSCR-GERSH-1.5,1.5008928571428577,1.0005952380952385,1.5
286,286,gSCR-GERSH-1.5,1.501944444444444,1.0012962962962961,1.5
287,287,gSCR-GERSH-1.5,1.501944444444444,1.0012962962962961,1.5
288,288,gSCR-GERSH-1.5,1.501944444444444,1.0012962962962961,1.5
289,289,gSCR-GERSH-1.5,1.516405974093117,1.010937316062078,1.5
290,290,gSCR-GERSH-1.5,1.5055910610887708,1.0037273740591806,1.5
291,291,gSCR-GERSH-1.5,1.506531392855845,1.0043542619038968,1.5
292,292,gSCR-GERSH-1.5,1.5058177505421262,1.0038785003614175,1.5
293,293,gSCR-GERSH-1.5,1.5019444444444445,1.0012962962962964,1.5
294,294,gSCR-GERSH-1.5,1.5008928571428581,1.0005952380952388,1.5
295,295,gSCR-GERSH-1.5,1.5008928571428575,1.0005952380952383,1.5
296,296,gSCR-GERSH-1.5,1.4999999999999991,0.9999999999999994,1.5
297,297,gSCR-GERSH-1.5,1.5008928571428566,1.0005952380952376,1.5
298,298,gSCR-GERSH-1.5,1.5019444444444447,1.0012962962962966,1.5
299,299,gSCR-GERSH-1.5,1.4999999999999993,0.9999999999999996,1.5
300,300,gSCR-GERSH-1.5,1.5,1.0,1.5
301,301,gSCR-GERSH-1.5,1.5008928571428581,1.0005952380952388,1.5
302,302,gSCR-GERSH-1.5,1.5008928571428566,1.0005952380952376,1.5
303,303,gSCR-GERSH-1.5,1.5008928571428573,1.000595238095238,1.5
304,304,gSCR-GERSH-1.5,1.5019444444444447,1.0012962962962966,1.5
305,305,gSCR-GERSH-1.5,1.5019444444444447,1.0012962962962966,1.5
306,306,gSCR-GERSH-1.5,1.4999999999999991,0.9999999999999994,1.5
307,307,gSCR-GERSH-1.5,1.5000000000000002,1.0000000000000002,1.5
308,308,gSCR-GERSH-1.5,1.500892857142857,1.000595238095238,1.5
309,309,gSCR-GERSH-1.5,1.500892857142857,1.000595238095238,1.5
310,310,gSCR-GERSH-1.5,1.5008928571428573,1.000595238095238,1.5
311,311,gSCR-GERSH-1.5,1.5019444444444447,1.0012962962962966,1.5
312,312,gSCR-GERSH-1.5,1.500892857142858,1.0005952380952385,1.5
313,313,gSCR-GERSH-1.5,1.5008928571428566,1.0005952380952376,1.5
314,314,gSCR-GERSH-1.5,1.500892857142857,1.000595238095238,1.5
315,315,gSCR-GERSH-1.5,1.505403890280698,1.0036025935204653,1.5
316,316,gSCR-GERSH-1.5,1.5047472114188587,1.0031648076125725,1.5
317,317,gSCR-GERSH-1.5,1.501944444444445,1.0012962962962966,1.5
318,318,gSCR-GERSH-1.5,1.5034227631229327,1.002281842081955,1.5
319,319,gSCR-GERSH-1.5,1.5008928571428575,1.0005952380952383,1.5
320,320,gSCR-GERSH-1.5,1.5008928571428577,1.0005952380952385,1.5
321,321,gSCR-GERSH-1.5,1.5008928571428584,1.000595238095239,1.5
322,322,gSCR-GERSH-1.5,1.5019444444444447,1.0012962962962966,1.5
323,323,gSCR-GERSH-1.5,1.500892857142857,1.000595238095238,1.5
324,324,gSCR-GERSH-1.5,1.5000000000000007,1.0000000000000004,1.5
325,325,gSCR-GERSH-1.5,1.5008928571428573,1.000595238095238,1.5
326,326,gSCR-GERSH-1.5,1.5008928571428581,1.0005952380952388,1.5
327,327,gSCR-GERSH-1.5,1.4999999999999996,0.9999999999999997,1.5
328,328,gSCR-GERSH-1.5,1.5000000000000004,1.0000000000000002,1.5
329,329,gSCR-GERSH-1.5,1.5008928571428568,1.0005952380952379,1.5
330,330,gSCR-GERSH-1.5,1.5008928571428566,1.0005952380952376,1.5
331,331,gSCR-GERSH-1.5,1.5000000000000007,1.0000000000000004,1.5
332,332,gSCR-GERSH-1.5,1.5019444444444445,1.0012962962962964,1.5
333,333,gSCR-GERSH-1.5,1.5008928571428568,1.0005952380952379,1.5
334,334,gSCR-GERSH-1.5,1.5019444444444443,1.0012962962962961,1.5
335,335,gSCR-GERSH-1.5,1.5008928571428561,1.0005952380952374,1.5
336,336,gSCR-GERSH-1.5,1.5065079098179361,1.0043386065452908,1.5
